pilkada dki jangan pilih pki!! berbahaya!! pilih 1 atau 3 saja gandeng raffi ahmad, ani... https:\/\/t.co\/o0b6grujhf #debat2pilkadadki #imlek;1
@raffiahmadlagi aja pilih @aniesbaswedan @sandiuno... masa kalian engga... \ud83d\ude02\ud83d\ude02 https:\/\/t.co\/o8dpucb5z7;1
heboh : lebih dari 15 ribu massa penuhi titik kampanye akbar anies-sandi https:\/\/t.co\/sw3va35xnw link;1
gandeng raffi ahmad, anies optimistis bisa tarik pemilih muda https:\/\/t.co\/hd6xkrihgk https:\/\/t.co\/zfsbwx4zlp;1
1 gandeng raffi ahmad, anies optimistis bisa tarik pemilih muda  https:\/\/t.co\/g1wzwekzrl;1
gandeng raffi ahmad, anies optimistis bisa tarik pemilih muda  https:\/\/t.co\/n1sd6nl6mx;1
detikcom: gandeng raffi ahmad, anies optimistis bisa tarik pemilih muda https:\/\/t.co\/cyiqnqajsh https:\/\/t.co\/res2lz9hto;1
gandeng raffi ahmad, anies optimistis bisa tarik pemilih muda https:\/\/t.co\/zmjau6hyox https:\/\/t.co\/ri4k1xdoj5;1
rt @detikcom: gandeng raffi ahmad, anies optimistis bisa tarik pemilih muda https:\/\/t.co\/hd6xkrihgk https:\/\/t.co\/zfsbwx4zlp;1
raffi ahmad-nagita 'gigi' slavina sepakat dukung anies-sandiaga https:\/\/t.co\/ls5cw5jdur;1
#teknologi raffi ahmad-nagita 'gigi' slavina sepakat dukung anies-sandiaga https:\/\/t.co\/9rqubxoige #assadiqulhaq;1
raffi ahmad-nagita 'gigi' slavina sepakat dukung anies-sandiaga https:\/\/t.co\/9hlae7vez4;1
gandeng raffi ahmad, anies optimistis bisa tarik pemilih muda https:\/\/t.co\/ksxjtqlxm5;1
detikcom: gandeng raffi ahmad, anies optimistis bisa tarik pemilih muda https:\/\/t.co\/ro2ucgogox https:\/\/t.co\/7bqn12pbnh;1
\/\/ rebut suara pemilih pemula, anies-sandi gandeng raffi ahmad dan nagita slavina https:\/\/t.co\/64grdzgash;1
anies: jangan izinkan orang tak dikenal banjiri tps - pikiranumat https:\/\/t.co\/ddv6dnwn53;1
detikcom: gandeng raffi ahmad, anies optimistis bisa tarik pemilih muda https:\/\/t.co\/jmyjtl7nvg https:\/\/t.co\/0mno4sqtmg;1
gantengnya wagub kuu\ud83d\ude48\ud83d\udc95 https:\/\/t.co\/la20jev8du;1
detikcom: gandeng raffi ahmad, anies optimistis bisa tarik pemilih muda https:\/\/t.co\/utz2rc34fo https:\/\/t.co\/j6rdc5rmia;1
dukung anies-sandi, presiden pks: sekali gendang kita tabuh, pantang untuk mundur https:\/\/t.co\/oioawarizf https:\/\/t.co\/fmnuwh0i4p;1
rt @idnusacom: lautan perempuan berjilbab merah putih sambut kedatangan anies https:\/\/t.co\/ntfutvl43m;1
ini laki2 tulen rafi ahmad,jelas,akurat dn menjanjikan masa depan,,kita butuh peminpin yg berakhlak,,&gt;1
#tuitlampung raffi ahmad dan istri dukung pasangan anies-sandiaga #lampung #tuit;1
raffi ahmad dan istri dukung pasangan anies-sandiaga https:\/\/t.co\/twf0hqeecp https:\/\/t.co\/84u6qxuuwa;1
raffi ahmad dan nagita serukan pilih anies-sandi https:\/\/t.co\/dxh4zuyhhz;1
detikcom: gandeng raffi ahmad, anies optimistis bisa tarik pemilih muda https:\/\/t.co\/epiffdxwsh https:\/\/t.co\/9rthrsprao;1
lebih dari 15 ribu massa penuhi titik kampanye akbar\u00a0anies-sandi https:\/\/t.co\/5xf9cea4hg https:\/\/t.co\/uwyhvpz6n2;1
detikcom: gandeng raffi ahmad, anies optimistis bisa tarik pemilih muda https:\/\/t.co\/wp2ofpkdud https:\/\/t.co\/ohuceye9dk;1
gandeng raffi ahmad, anies optimistis bisa tarik pemilih muda https:\/\/t.co\/u72gp4nuqy https:\/\/t.co\/0izbmgs0zn;1
#breakingnews ahok ditinggalkan raffi-nagita\n\nsiang ni, mereka berpaling kepada pasangan anies-sandiaga. https:\/\/t.co\/2urry3a8qb;1
saya nih suporter pak djarot tetep hargai mas agus ,pak anies ,nah ini;1
1. memenangkan anies-sandi bukan pekerjaan gampang. perlu pengorbanan dari pucuk pimpinan tertinggi sampai pelaksana ditingkat paling bawah.;1
dukung anies-sandi, presiden pks: sekali gendang kita tabuh, pantang untuk mundur https:\/\/t.co\/oioawaa7af;1
rt @walisongo063: tolak penggusuran dan reklamasi: anies-sandi diyakini menangi pilkada dki https:\/\/t.co\/pl8grtfa0n lewat @harian_terbit;1
rt @wartapolitik: raffi ahmad: dari auranya, mas anies bisa bawa perubahan buat warga jakarta https:\/\/t.co\/24dvoc86av https:\/\/t.co\/amaztkcm\u2026;1
rt @monstreza: ahy: jakarta untuk rakyat\nanies: jakarta maju bersama\nme: https:\/\/t.co\/fdy0yzk2jt;1
rt @tirtoid: kenapa ya anies - sandi suka banget pakai kemeja putih? #tirtodki\n\nhttps:\/\/t.co\/9ynpywseca https:\/\/t.co\/ym47zbk1fq;1
@tropertero @gerilyapolitik siapa yg janjikan video ? hahaha.. jam 13:00 itu konpres pelaporan anies ke kpk;1
rt @reiza_patters: klu emang ada bukti anies baswedan itu korupsi, saya dukung utk dilaporkan.. kalau gak ada bukti, ya gak usah, nanti jd\u2026;1
rt @tropongsenayan: dukung anies-sandi, presiden pks: sekali gendang kita tabuh, pantang untuk mundur https:\/\/t.co\/oioawaa7af;1
rt @detikcom: ibu ini minta anies beri perhatian ke janda tua bila terpilih https:\/\/t.co\/g2nszk6nbg https:\/\/t.co\/wcimxsunwd;1
ini komentar dirut transjakarta atas kritikan anies baswedan https:\/\/t.co\/uploxcyvow;1
rt @panca66: emang mata najwa penting bro? heuheu https:\/\/t.co\/bq0jzt9eld;1
rt @dreamersradioid: reaksi ahok saat dengar anies siap memulangkannya ke belitung https:\/\/t.co\/wmnacy4lgq https:\/\/t.co\/juvp6occng;1
ketika anies diminta memperhatikan janda tua https:\/\/t.co\/rpfg9sup4n;1
rt @vivacoid: ketika anies diminta memperhatikan janda tua https:\/\/t.co\/rpfg9sup4n;1
rt @indounite22: ceramah di jaktim, putra zainuddin mz ajak warga pilih anies-sandi https:\/\/t.co\/8pbipwrn2r https:\/\/t.co\/9yi17msuhg;1
ini komentar dirut transjakarta atas kritikan anies baswedan https:\/\/t.co\/afutx70hkz https:\/\/t.co\/mzfnmwcark;1
ibu ini minta anies beri perhatian ke janda tua bila terpilih https:\/\/t.co\/txjnizlm41;1
rt @tabloidbintang: raffi ahmad - nagita slavina dukung anies - sandi, ini alasannya https:\/\/t.co\/gbmyokyr5h;1
cc @reiza_patters ini sebenarnya apa sih? bukan nya anies 2012 belum jd pejabat negara? https:\/\/t.co\/83weyymca9;1
ini komentar dirut transjakarta atas kritikan anies baswedan https:\/\/t.co\/pcp73n1nvg https:\/\/t.co\/7pzbl1lqi5 #jakarta;1
rt @budiwardoyo8o: mari saling mengingatkan, dan berpikir apakah kita sma menghendaki indonesia hancur? pemerintahan di wilayah arab t\u2026 ;1
@haziqbadrudin @aniesbaswedan jawaban yang tepat bu  bukan begitu bpk dosen @aniesbaswedan;1
rt @mentimoen: timses anies sandi mengkritik harga air minum u\/ rusun. ternyata aetra yg jual air itu milik recapital acuatico, sa\u2026 ;1
rt @tolakbigotri: sandiaga cium tangan ke ustad tengku dan anies baswedan sowan ke rizieq syihab. sowan kok penghasut umat di negeri ini. m\u2026;1
makin kalap, ahok malah tantang anies baswedan taruhan terkait banjir jakarta https:\/\/t.co\/qi03wixsui;1
rt @mentimoen: timses anies sandi mengkritik harga air minum u\/ rusun. ternyata aetra yg jual air itu milik recapital acuatico, sa\u2026 ;1
@cariyadanda @vivacoid @aniesbaswedan bkn cuma bgs, tp sangat bagus ini utk rakyat kecil yg blom bsa beli rmh spt sya heu heu;1
rt @chicohakim: .@aniesbaswedan ktika d masjid massa triak gantung ahok &amp km biarkan buat sy tanya (yg tdk anda tanyakan ke prabowo) https:\u2026;1
@posmetroinfo jooossss.. ini baru berita mantab uni @fahiraidris dan bang @aniesbaswedan mari ber'sama2 amankan tps dr serbuan preman byaran","display_text_range":[14,140],"source":"\u003ca href=\"http:\/\/twitter.com\/download\/android\" rel=\"nofollow\";1
@wakilgubernurkw @aniesbaswedan @jokowi @basuki_btp @divhumaspolri benarkah semua ini?;1
rt @chicohakim: .@aniesbaswedan ktika d masjid massa triak gantung ahok &amp km biarkan buat sy tanya (yg tdk anda tanyakan ke prabowo) https:\u2026;1
anak usia 5 thn bisa mudah menghafal apapun. yg sulit bg mreka mengamalkan. bagimu 5 pilar utama (rukun) islam gak sulit kan @aniesbaswedan?;1
rt @pseudosopi: fakta 5. ht dan prabowo sama-sama mendukung anies baswedan, dan.. fpi juga ikut mendukung anies pasca kegagalan anak sby.;1
rt @chicohakim: .@aniesbaswedan ktika d masjid massa triak gantung ahok &ampkm biarkan buat sy tanya (yg tdk anda tanyakan ke prabowo) https:\u2026;1
@kompascom nihhh pak @aniesbaswedan perusahaan yg pasok air di situ. kira2 ada org yg anda kenal gak.?;1
rt @tolakbigotri: sandiaga cium tangan ke ustad tengku dan anies baswedan sowan ke rizieq syihab. sowan kok penghasut umat di negeri ini. m\u2026;1
guys, tau maksudnya cyril ini apa. biar sy ga multitafsir gitu lho.\norg cerdas itu biasanya kt2nya mudah dimengerti\u2026 https:\/\/t.co\/54bqmlohnf;1
rt @budiwardoyo8o: mari saling mengingatkan, dan berpikir apakah kita sma menghendaki indonesia hancur? pemerintahan di wilayah arab t\u2026 ;1
rt @matanajwa: seharusnya @basuki_btp hadir di minggu lalu bersama @aniesbaswedan, namun tdk dapat hadir. maka malam ini @basuki_btp hadir\u2026;1
@b3811nez @aniesbaswedan we just need a public services not propagandist;1
rt @irwancahayaiqb1: @b3811nez @aniesbaswedan we just need a public services not propagandist;1
rt @kopitoba: pernah sebut prabowo mafia, anies baswedan mengaku khilaf https:\/\/t.co\/ijbckccs7i via @tribunnews;1
rt @stephmst: @wakilgubernurkw @lukmansaifuddin @aniesbaswedan inilah yg seolah olah paling benar dan paling sempurna sedunia.;1
rt @matanajwa: \"saya berani jamin dia (anies baswedan) akan lakukan normalisasi sungai, hal yg sama seperti yg saya lakukan,\" ahok. #matana\u2026;1
kerasnya prabowo minta kader gerindra total dukung sandiaga uno https:\/\/t.co\/w1hwutvxe3;1
rt @tonywibowo12: @wakilgubernurkw @aniesbaswedan rusun tuh dp 0% rumah u anak cucu.bkn rumah murah tanpa dp tp dp diangsur 6bln hahaha ani\u2026;1
rt @tonywibowo12: @wakilgubernurkw @aniesbaswedan ahok tekan sikaya u simiskin.banyak csr dr konglomerat udki.15% dr reklamasi u buat tangg\u2026;1
rt @tonywibowo12: @wakilgubernurkw @aniesbaswedan tanah tetap orang tambah bnyak reklamasi dikerjakan dunia.u kurangi kepadatan penduduk&ampku\u2026;1
rt @tonywibowo12: @wakilgubernurkw @aniesbaswedan 15%dr reklamasi u buat tanggul laut u atasi banjir dki 200th.nelayan dikasih rusun&amp;1
rt @matanajwa: \"saya berani jamin dia (anies baswedan) akan lakukan normalisasi sungai, hal yg sama seperti yg saya lakukan,\" ahok. #matana\u2026;1
founded by @aniesbaswedan, @ind_mengajar has sent hundreds of young volunteers to teach in #westpapua. https:\/\/t.co\/s11yahdizw;1
rt @nci4ri: apakah hmi masih inginkan pengungkapan dugaan kasus korupsi @sandiuno oleh @kejaksaanri atau sudah berubah pikiran?\nhttps:\/\/t.c\u2026;1
@sandiuno mas, kita bisa bina dan kembangkan mereka dg information system yg advance berbasis fintech shg memudahkan transaksi perdagangan;1
rt @tolakbigotri: sandiaga cium tangan ke ustad tengku dan anies baswedan sowan ke rizieq syihab. sowan kok penghasut umat di negeri ini. m\u2026;1
rt @sugi_0706: pak @prabowo saya sih berharap bapak tidak sama inkonsistennya dengan @aniesbaswedan, sekarang masih?\ud83d\udc47 https:\/\/t.co\/hzk4ywh7\u2026;1
mereka menganggap bahwa ht dan partai perindonya mendukung paslon lawan politik ahok di pilkada dki yakni @aniesbaswedan;1
rt @indrajpiliang: baru dpt laporan, anies-sandi menang besar di kel krukut, tamansari. tdk hanya di tps 10. putaran ke2: target 75% !!! cc\u2026;1
rt @chicohakim: anak usia 5 thn bisa mudah menghafal apapun. yg sulit bg mreka mengamalkan. bagimu 5 pilar utama (rukun) islam gak sulit ka\u2026;1
@asyifa_sigit @aniesbaswedan mentri gagal karna era jokwi mah biasa.. krn kalau bantah mega ya gitu bkn slh pak anis yg salah pmkirn loe bro;1
ya, itulah namanya memanfaatkan. @aniesbaswedan telah membiarkan dirinya menjadi pion @prabowo untuk sekarang. ga t\u2026 https:\/\/t.co\/jqlodcesfr;1
di depan ibu-ibu, @aniesbaswedan ungkap pentingnya pendidikan karakter bagi anak https:\/\/t.co\/cpaezyeeti https:\/\/t.co\/wsbrtxh86s;1
rt @tolakbigotri: sandiaga cium tangan ke ustad tengku dan anies baswedan sowan ke rizieq syihab. sowan kok penghasut umat di negeri ini. m\u2026;1
rt @matanajwa: \"saya berani jamin dia (anies baswedan) akan lakukan normalisasi sungai, hal yg sama seperti yg saya lakukan,\" ahok. #matana\u2026;1
rt @gerilyapolitik: menelisik dugaan keterlibatan anies baswedan dalam proyek kemenkominfo 6 t https:\/\/t.co\/gjwt1l1udn https:\/\/t.co\/rh8uqbv\u2026;1
pastilah itu. bohong, kalo dia bilang ga akan lakukan itu. \ud83d\udc4e https:\/\/t.co\/yqdumusgag;1
rt @ahokdijegal: pastilah itu. bohong, kalo dia bilang ga akan lakukan itu. \ud83d\udc4e https:\/\/t.co\/yqdumusgag;1
rt @johnnie_muhan: seorang @aniesbaswedan yang dulu anti dengan isu sara tum @partaisocmed https:\/\/t.co\/squvlrjnzt;1
rt @gerilyapolitik: menelisik dugaan keterlibatan anies baswedan dalam proyek kemenkominfo 6 t https:\/\/t.co\/gjwt1l1udn https:\/\/t.co\/rh8uqbv\u2026;1
rt @sugi_0706: pak @prabowo saya sih berharap bapak tidak sama inkonsistennya dengan @aniesbaswedan, sekarang masih?\ud83d\udc47 https:\/\/t.co\/hzk4ywh7\u2026;1
jawaban tegas anies baswedan tentang fpi dan almaidah 51 ketika dicecar najwa: https:\/\/t.co\/0omuyvpseb via @youtube;1
sy usul agar pd debat terbuka yg akan datang, diawali dg tes narkoba @kpu_dki  \nberani ga?\n@agusyudhoyono \n@aniesbaswedan \n@basuki_btp;1
rt @mentimoen: timses anies sandi mengkritik harga air minum u\/ rusun. ternyata aetra yg jual air itu milik recapital acuatico, sa\u2026 ;1
rt @yudiengran: \"yg sy tahu...sejarah nu itu panjang! dan yg sy tahu..sejarah onta resek itu kelam!!!\" https:\/\/t.co\/aeha5lacgm;1
nazar sebut sandiaga uno pemilik pt dgi https:\/\/t.co\/fshu5qtaby #skalanews lewat @skalanews;1
bli @g_paseksuardika ,tau soal ini ga?\nnazar sebut sandiaga uno pemilik pt dgi https:\/\/t.co\/fshu5qtaby #skalanews lewat @skalanews;1
rt @chicohakim: anak usia 5 thn bisa mudah menghafal apapun. yg sulit bg mreka mengamalkan. bagimu 5 pilar utama (rukun) islam gak sulit ka\u2026;1
rt @ahokdijegal: pastilah itu. bohong, kalo dia bilang ga akan lakukan itu. \ud83d\udc4e https:\/\/t.co\/yqdumusgag;1
rt @teddygusnaidi: 1. ketika saya tanyakan soal arti al-maidah:51, anti ahok dan bahkan pendukung @aniesbaswedan tidak ada yang mampu\u2026 ;1
rt @mentimoen: timses anies sandi mengkritik harga air minum u\/ rusun. ternyata aetra yg jual air itu milik recapital acuatico, sa\u2026 ;1
@danamon @youtube ini jg hasil program oc ok dari @jktmajubersama @sandiuno @aniesbaswedan ?;1
rt @sugi_0706: pak @prabowo saya sih berharap bapak tidak sama inkonsistennya dengan @aniesbaswedan, sekarang masih?\ud83d\udc47 https:\/\/t.co\/hzk4ywh7\u2026;1
jika nanti pilkada putaran kedua pak ahok kalah, maka salahkanlah bung iwan bopeng, hahahaha. @gunromli @temanahok @aniesbaswedan;1
@aniesbaswedan: masa depan indonesia berada di tangan entrepreneur https:\/\/t.co\/89zrxasflg;1
rt @cecepsyam: alhamdulillah ema gw milih @aniesbaswedan  en @sandiuno mang @aliakbarbukhori di petogogan..;1
rt @gerilyapolitik: menelisik dugaan keterlibatan anies baswedan dalam proyek kemenkominfo 6 t https:\/\/t.co\/gjwt1l1udn https:\/\/t.co\/rh8uqbv\u2026;1
rt @chicohakim: anak usia 5 thn bisa mudah menghafal apapun. yg sulit bg mreka mengamalkan. bagimu 5 pilar utama (rukun) islam gak sulit ka\u2026;1
@andrianwang bener mas tp mmg berita lama ketika bin laden tewas.  media indonesia jg pst ada yg britakan @wakilgubernurkw @aniesbaswedan;1
@aniesbaswedan kasih aja ikan pasti segerrr","display_text_range":[15,43],"source":"\u003ca href=\"http:\/\/twitter.com\/download\/android\" rel=\"nofollow\"\u003etwitter for android\u003c\/a\u003e","truncated":false,"in_reply_to_status_id":83422207672669;1
mohon org tua teliti dan hati3 @munah_ungu    @ustadtengku @aniesbaswedan.;1
rt @partaisocmed: yudi latif ini punya banyak cerita tentang anies baswedan. dialah pewaris sebenarnya dari cak nur https:\/\/t.co\/8sqo65ag7w;1
rt @nci4ri: apakah hmi masih inginkan pengungkapan dugaan kasus korupsi @sandiuno oleh @kejaksaanri atau sudah berubah pikiran?\nhttps:\/\/t.c\u2026;1
rt @partaisocmed: yudi latif ini punya banyak cerita tentang anies baswedan. dialah pewaris sebenarnya dari cak nur https:\/\/t.co\/8sqo65ag7w;1
anies baswedan: kita ingin di jakarta pemimpinnya bisa dipegang omongannya https:\/\/t.co\/fxg0p4rueh;1
rt @didienazhar: ar baswedan, kakek anies baswedan pembawa surat pengakuan kemerdekaan indonesia\nhttps:\/\/t.co\/nq7zgd3v8k;1
anies baswedan: kita ingin di jakarta pemimpinnya bisa dipegang omongannya https:\/\/t.co\/u0qxqdegxp via @tribunnews;1
rt @chicohakim: anak usia 5 thn bisa mudah menghafal apapun. yg sulit bg mreka mengamalkan. bagimu 5 pilar utama (rukun) islam gak sulit ka\u2026;1
rt @budiwardoyo8o: mari saling mengingatkan, dan berpikir apakah kita sma menghendaki indonesia hancur? pemerintahan di wilayah arab t\u2026 ;1
rt @jktmajubersama: \"slh satu akar prmasalahan narkoba a\/ kmiskinan &amp kbodohan.\" -@sandiuno \n\nlalu gmn cara mengatasiny? check this out\u2026 ;1
rt @mamahima1412: maju bersama ..salam bersama..ayo wujudkan @mkusumawijaya @pksejahtera @pandji @pksjakarta @gerindra @fahiraidris\u2026 ;1
rt @matanajwa: \"saya berani jamin dia (anies baswedan) akan lakukan normalisasi sungai, hal yg sama seperti yg saya lakukan,\" ahok. #matana\u2026;1
rt @kompascom: hilangkan kesan kaku, anies-sandi luncurkan program \"santai sore\". https:\/\/t.co\/0fefhxdni4;1
rt @tropongsenayan: dukung anies-sandi, presiden pks: sekali gendang kita tabuh, pantang untuk mundur https:\/\/t.co\/oioawarizf https:\/\/t.co\/\u2026;1
rt @wartapolitik: raffi ahmad: dari auranya, mas anies bisa bawa perubahan buat warga jakarta https:\/\/t.co\/24dvoc86av https:\/\/t.co\/amaztkcm\u2026;1
rt @anggaputraf: buat wartawan @tirtoid semoga #periksadata nya ada yg dikoreksi. terima kasih https:\/\/t.co\/12qbbgr57h;1
rt @detikcom: gandeng raffi ahmad, anies optimistis bisa tarik pemilih muda https:\/\/t.co\/hd6xkrihgk https:\/\/t.co\/zfsbwx4zlp;1
raffi ahmad dan istri dukung pasangan anies-sandiaga https:\/\/t.co\/h9jqj2ikye;1
rt @pseudosopi: fakta 5. ht dan prabowo sama-sama mendukung anies baswedan, dan.. fpi juga ikut mendukung anies pasca kegagalan anak sby.;1
rt @pseudosopi: sadar atau tidak, anies baswedan sedang terjun ke dunia yang serba \"kotor\". mentalnya tak sekuat ahok akan buat dia ikut te\u2026;1
rt @ferrykoto: jgn  mau kena bujuk rayu terdakwa penista islam &amp ganknya. rayuan&amp pujian mereka hanya sampah dibungkus bunga. jgn t\u2026;1
@aniesbaswedan orang yang suka kucing kayak bg, insyallah jiwa pemimpinnya sangat tenang,jiwa sosial besar dan fahami apa mau rakyatnya","display_text_range":[15,135],"source":"\u003ca href=\"http:\/\/twitter.com\/download\/android\" rel=\"nofollow\"\u003;1
rt @wakilgubernurkw: untung gw pendukung djarot pemimpin muslim .\nlagian yg gw serang\nantek isis&gtfpi\nantek im&gtpks\npenghianat nkri&gthti\ndb\u2026;1
rt @yudiengran: \"yg sy tahu...sejarah nu itu panjang! dan yg sy tahu..sejarah onta resek itu kelam!!!\" https:\/\/t.co\/aeha5lacgm;1
seneng liat pak @prabowo  ibu @titieksoeharto mas @aniesbaswedan bag @sandiuno \ud83d\udc4c https:\/\/t.co\/3nkz7fb2ny;1
pernah sebut prabowo mafia, anies baswedan mengaku khilaf https:\/\/t.co\/ijbckccs7i via @tribunnews;1
anies baswedan ajak ibu-ibu majelis taklim beri pola asuh yang baik | https:\/\/t.co\/mkg7le2ztc;1
rt @partaisocmed: yudi latif ini punya banyak cerita tentang anies baswedan. dialah pewaris sebenarnya dari cak nur https:\/\/t.co\/8sqo65ag7w;1
@wakilgubernurkw @aniesbaswedan rakyat dki sdmnya tertinggi di indonesia bisa menilai sendiri semua rakyat dki cinta pancasila dan nkri;1
sandiaga uno temui prabowo dan anies usai bertolak dari jepang \u2013\u00a0winnetnews https:\/\/t.co\/ot2bm05cgu https:\/\/t.co\/vg2urcu1rq;1
@irwancahayaiqb1 agreed! dki desrves so much better than a flip-flopping, opportunistic, incompetent douche like @aniesbaswedan! #salam23t \ud83d\ude0f","display_text_range":[17,140],"source":"\u003ca href=\"http:\/\/twitter.com\/download\/android\" rel=\;1
rt @kopitoba: pernah sebut prabowo mafia, anies baswedan mengaku khilaf https:\/\/t.co\/ijbckccs7i via @tribunnews;1
kementerian pendidikan saat di zaman pak anies baswedan, bertengger di peringkat 9 dari 22 kementerian di... https:\/\/t.co\/wevfhntpwu;1
@sandiuno bikin pasar ikan yg mantap jg di jakarta pak;1
#teknologi raffi ahmad-nagita 'gigi' slavina sepakat dukung anies-sandiaga https:\/\/t.co\/uxq4epmxov #assadiqulhaq;1
raffi ahmad-nagita 'gigi' slavina sepakat dukung anies-sandiaga https:\/\/t.co\/acnp2gn62t;1
gandeng raffi ahmad, anies optimistis bisa tarik pemilih muda https:\/\/t.co\/cq5nmldfam https:\/\/t.co\/0nqymvvxps;1
ahok, anies dan agus adalah 3 sahabat. walaupun mereka saling berkompetisi, sebetulnya mereka adalah sahabat\u2026 \u2014 https:\/\/t.co\/lfaji8hbpm;1
rt @detikcom: gandeng raffi ahmad, anies optimistis bisa tarik pemilih muda https:\/\/t.co\/hd6xkrihgk https:\/\/t.co\/zfsbwx4zlp;1
raffi ahmad-nagita 'gigi' slavina sepakat dukung anies-sandiaga https:\/\/t.co\/hencim4lo1 #followme #follback;1
gandeng raffi ahmad, anies optimistis bisa tarik pemilih muda https:\/\/t.co\/sxt0ems5yr #indonesia;1
rt @vivacoid: raffi ahmad dan nagita serukan pilih anies-sandi https:\/\/t.co\/dxh4zuyhhz;1
rt @fauzifirmans: pak habibe jga berpesan agar anies-sandi konsisten memperjuangkan kepentingan rakyat jakarta. #semuacoblosaniessandi;1
rt @vivacoid: raffi ahmad dan nagita serukan pilih anies-sandi https:\/\/t.co\/dxh4zuyhhz;1
lebih dari 15 ribu massa penuhi titik kampanye akbar anies-sandi https:\/\/t.co\/usb6th4vqn #rakyatbersamafpi https:\/\/t.co\/3r1yobccol;1
#pilkada dki 2017: raffi ahmad dan nagita serukan pilih anies-sandi https:\/\/t.co\/smrffq8p8p;1
rt @tropongsenayan: prabowo: saya rasakan getaran kemenangan anies-sandi https:\/\/t.co\/rj1txjmbwe https:\/\/t.co\/ffneljz1hm;1
rt @ahadtimes: heboh : lebih dari 15 ribu massa penuhi titik kampanye akbar anies-sandi https:\/\/t.co\/sw3va35xnw link;1
lebih dari 15 ribu massa penuhi titik kampanye akbar anies-sandi https:\/\/t.co\/ds1qrlfdsq;1
rt @monstreza: ahy: menggeser, bukan menggusur\nanies: merangkul, bukan memukul \n\nme: https:\/\/t.co\/umfksjqeuz;1
gandeng artisnya ga bisa yg lbh bagusan pak? https:\/\/t.co\/etizamsn2i;1
hadiri maulid di jaktim, anies didukung pemuda muslim maluku https:\/\/t.co\/7wrvupicdu;1
spanduk anies-sandi banyak terpampang di pasar ikan https:\/\/t.co\/mtb2zv6dvh;1
raffi ahmad suka gaya busana anies-sandi: santai dan tidak ''riweh'' https:\/\/t.co\/nmlyqrlx8m;1
@dodiaja @dildaar80 @olgaly_dia @kidholics_kbm  bismillahir rahmanir rahim     allahu akbar anies&amp;1
rt @monstreza: ahy: menggeser, bukan menggusur\nanies: merangkul, bukan memukul \n\nme: https:\/\/t.co\/umfksjqeuz;1
anies, raffi dan gigi luncurkan program santai sore bersama anies-sandi https:\/\/t.co\/tnr1asfcko;1
rt @teliksandiid: ini alasan rhoma irama deklarasikan partai idaman dukung anies-sandi, bukan ke ahok-djarot https:\/\/t.co\/3rkvki39sz;1
rt @achmadannama: pasangan raffi ahmad-nagita pilih dukung anies-sandiaga https:\/\/t.co\/weyyadnixg https:\/\/t.co\/3rym0stmoc;1
nama baswedan itu pahlawan..tp ngga dihormatin ama buzzer senior @jokoanwar https:\/\/t.co\/wlskjysoer;1
aniesbaswedan &amp @usembassyjkt cc @pendopo_anies  @sandiuno @wikileaks \nwill this #cableaks  affect on his election?;1
rt @nci4ri: apakah hmi masih inginkan pengungkapan dugaan kasus korupsi @sandiuno oleh @kejaksaanri atau sudah berubah pikiran?\nhttps:\/\/t.c\u2026;1
anies baswedan butuh dukungan dari kawan-kawan. iya, cukuplah pejabat yg butuh dukungan wkwkwkwk #carikawan #untukngelece #tapigakadak #wkwk;1
rt @mentimoen: timses anies sandi mengkritik harga air minum u\/ rusun. ternyata aetra yg jual air itu milik recapital acuatico, sa\u2026 ;1
rt @okezonenews: banjir kepung jakarta, anies baswedan: jangan saling menyalahkan! https:\/\/t.co\/shtrupit9l https:\/\/t.co\/vl4xmo05rq;1
ucapan alim ulama yg sangat santun.... subhanallah https:\/\/t.co\/e5mcth2b6n;1
rt @radenano: ucapan alim ulama yg sangat santun.... subhanallah https:\/\/t.co\/e5mcth2b6n;1
@wakilgubernurkw @lukmansaifuddin @aniesbaswedan kembali ke jaman kerajaan...;1
rt @nadzkyy: @kurawa smgdiwaktu yg tersisa ini @pandji sadar,sperti gw ygsadar sbg fansboy anies,berdamailah dg hati nurani,kl nurani sndri\u2026;1
rt @sandiuno: meskipun sedikit hujan, belasan ribu pendukung tetap semangat memeriahkan kampanye akbar anies-sandi. salam bersama\u2026 ;1
rt @didienazhar: ar baswedan, kakek anies baswedan pembawa surat pengakuan kemerdekaan indonesia\nhttps:\/\/t.co\/nq7zgd3v8k;1
rt @teddygusnaidi: 1. ketika saya tanyakan soal arti al-maidah:51, anti ahok dan bahkan pendukung @aniesbaswedan tidak ada yang mampu\u2026 ;1
sandiaga uno temui prabowo dan anies usai bertolak dari jepang - winnetnews https:\/\/t.co\/uqcnwec8ff;1
rt @aniesbaswedan: pasar bukan hanya tempat bertransaksi, tapi juga berinteraksi. dari interaksi ada kepercayaan, inilah yg harus dimi\u2026 ;1
pengakuan dewi perssik soal sandiaga uno minta buka baju ini sungguh mengejutkan https:\/\/t.co\/vgdjaunq2n lewat @tribunjogja;0
rt @budiwardoyo8o: inikah orang yg harus kita sebut ulama?  apakah ini vidio hoax? apakah ulama cara bertutur kata seperti gak makan s\u2026 ;0
rt @maspiyuuu: kelakuan kompas! beda pemberitaan soal anak-anak di kampanye anies dan ahok https:\/\/t.co\/c3eixpqkvo https:\/\/t.co\/qk1aeyvcy1;0
rt @dr_piprim: ott patrialis akbar, fitnah keji pada habib rizieq syihab, pelaporan anies baswedan ke kpk..\nkalian memang panik !!!;0
rt @chicohakim: .@aniesbaswedan ktika d masjid massa triak gantung ahok &amp km biarkan buat sy tanya (yg tdk anda tanyakan ke prabowo) https:\u2026;0
rt @tonywibowo12: @wakilgubernurkw @aniesbaswedan o jd dukung anis klu mau dki jd kota fpi kota isis y pak..ih ngeriiii  pilih ahok sj u dk\u2026;0
rt @wakilgubernurkw: rizieq \"bunuh (@jokowi ) pion komunis\"\nmau punya gubernur yg didukung ormas pemfitnah presiden?\npilih @aniesbaswedan\nh\u2026;0
rt @budiwardoyo8o: bgmna menyebut ulama kpd babi rej\u00c8k?sy mulai di mi sampai uzur blm pernah kiayi, ustad, ulama yg ngajari sy mulutny\u2026 ;0
rt @joice_marpaung: @oktorairahadi @mrshananto  astaga.. klo benar cuitan ini diucapkan oleh anies baswaden bahaya bgt neh!! pdhal semua an\u2026;0
rt @antengkitiran: @oktorairahadi @mrshananto santun tutur bahasanya itu hanya kamuflase dr kebusukan dan kelicikan anies;0
rt @suchercam: anies baswedan dilaporkan ke kpk https:\/\/t.co\/vamfgtqmoh;0
rt @tnasionalis: krn bbrp hari ini banyak netizen mengeluh ttg intimidasi yg dilakukan fpi, ini berkaitan dgn pernyataan anies di me\u2026 ;0
rt @saviraelmi: wuiii.. @oktorairahadi @cadarmerah @mrshananto makin lama makin hilang control nih anies, santun nan culas cuitannya ckckck\u2026;0
rt @kurawa: yang sabar yah pak ahok, punya rumah dan ktp dki tapi kalo dipaksa pulang kampung maka kita juga akan pulang kampungkan anies k\u2026;0
rt @takviri: @tropertero @gerilyapolitik siapa yg janjikan video ? hahaha.. jam 13:00 itu konpres pelaporan anies ke kpk;0
rt @faux: \u201cif they do not speak indonesian, even though they are holding an e-ktp [electronic id], the e-ktp is possibly fake\u201d\nhttps:\/\/t.co\u2026;0
rt @wakilgubernurkw: \"fpi dukung teroris alqaeda\"\nmau punya gubernur dki yg didukung ormas fpi pendukung teroris?\npilih @aniesbaswedan\nhttp\u2026;0
rt @budiwardoyo8o: inikah orang yg harus kita sebut ulama?  apakah ini vidio hoax? apakah ulama cara bertutur kata seperti gak makan s\u2026 ;0
rt @wakilgubernurkw: \"fpi dukung teroris alqaeda\"\nmau punya gubernur dki yg didukung ormas fpi pendukung teroris?\npilih @aniesbaswedan\nhttp\u2026;0
kelakuan kalian @kompascom ... https:\/\/t.co\/ob7uasuerq;0
rt @maspiyuuu: kelakuan kompas! beda pemberitaan soal anak-anak di kampanye anies dan ahok https:\/\/t.co\/c3eixpqkvo https:\/\/t.co\/qk1aeyvcy1;0
anies janji palsu? gak heranlah \ud83d\ude01 https:\/\/t.co\/5yidieerrp;0
dengan uang cukong2 pendukungnya yg tidak berseri?...semua sudah terbeli?....masih kuat lawan petahana? https:\/\/t.co\/rpsmif8d9c;0
rt @maspiyuuu: kelakuan kompas! beda pemberitaan soal anak-anak di kampanye anies dan ahok https:\/\/t.co\/c3eixpqkvo https:\/\/t.co\/qk1aeyvcy1;0
.. santainya raffi saat wawancara anies, sempat main suap-suapan https:\/\/t.co\/20iptlmkpx;0
pilpres kmrin artis lebay ini ikut sapa tweeps ? yg didukung dia pasti kalah https:\/\/t.co\/zbgefey02l;0
rt @polluxa: fuck this shit. pemecah-belah bangsa. kalau punya e-ktp &amp;0
rt @jokoanwar: dan bibit permusuhan pun ditebarkan. kalau kalah, pasti dicurangi. no wonder abis pemilu ada perpecahan di masyarak\u2026 ;0
anies baswedan dilaporkan ke kpk? anjir....;0
rt @reiza_patters: lucu ya fitnah korupsi utk anies baswedan.. saya sarankan utk dukung kamerad ke kpk utk laporkan anies atas tuduhan koru\u2026;0
anies kok goblok bgt y , sumpah goblok bgt.\n\ngblk !;0
rt @polluxa: fuck this shit. pemecah-belah bangsa. kalau punya e-ktp &amp;0
rt @teddygusnaidi: bagi @aniesbaswedan kan yang penting hajar dulu, soal bener gaknya belakangan. #nafsupengenjadigubernur https:\/\/t.co\/lhx\u2026;0
rt @takviri: kabar buruk yg baik\n\n-patrialis kena ott\n-fahri dilapor ke mkd\n-sylvi diperiksa kasus korupsi\n-anies dilapor ke kpk\n-rizieq ke\u2026;0
rt @maspiyuuu: kelakuan kompas! beda pemberitaan soal anak-anak di kampanye anies dan ahok https:\/\/t.co\/c3eixpqkvo https:\/\/t.co\/qk1aeyvcy1;0
sampai kapan pun @kompascom @kompastv @hariankompas akan spt itu..\npemberitaan untuk kepentingan tertentu, gak beda\u2026 https:\/\/t.co\/kjgymly9q9;0
rt @takviri: kabar buruk yg baik\n\n-patrialis kena ott\n-fahri dilapor ke mkd\n-sylvi diperiksa kasus korupsi\n-anies dilapor ke kpk\n-rizieq ke\u2026;0
rt @digembok: ikan-ikan apa yg mukanya kecewa? \n\nikan @pandji melihat anies satu barisan sama fpi https:\/\/t.co\/s740vtm6sn;0
rt @maspiyuuu: kelakuan kompas! beda pemberitaan soal anak-anak di kampanye anies dan ahok https:\/\/t.co\/c3eixpqkvo https:\/\/t.co\/qk1aeyvcy1;0
rt @arman_dhani: pks tells anies-sandiaga supporters to interrogate \u2018foreign looking\u2019 voters https:\/\/t.co\/m2fqkub0m2 xenofobik, retorika tr\u2026;0
biar salah asal ngotot.. salute bro \ud83d\udc49\nhttps:\/\/t.co\/2yblygw9w1;0
rt @faux: \u201cif they do not speak indonesian, even though they are holding an e-ktp [electronic id], the e-ktp is possibly fake\u201d\nhttps:\/\/t.co\u2026;0
rt @digembok: ikan-ikan apa yg mukanya kecewa? \n\nikan @pandji melihat anies satu barisan sama fpi https:\/\/t.co\/s740vtm6sn;0
rt @tukangkoprol: anies janji palsu? gak heranlah \ud83d\ude01 https:\/\/t.co\/5yidieerrp;0
so much racist....these feel like trump wannabe.... https:\/\/t.co\/2aql1zmf1d;0
makin kesini...makin mual... https:\/\/t.co\/0ttglgdql5;0
rt @nurdiantoandrie: maksudnya @aniesbaswedan itu air mau di ajak bicara gitu mas @hariadhi mau ngakak gw air di ajak bicara.  ilmunya t\u2026 ;0
rt @pbenyw: banjir lumpur di pantai pulau merah banyuwangi, akibat penggundulan gunung tumpang pitu oleh pertambangan milik\u2026 ;0
rt @kompascom: benarkah 5 juta penduduk dki belum dapat air pam seperti kata anies?. https:\/\/t.co\/5rn7u1b5y3;0
rt @tere_one34: anies baswedan resmi dilaporkan ke kpk https:\/\/t.co\/iaaoqhtc66\ndi kawal kasusnya...;0
@wakilgubernurkw @kusumahadi44 @aniesbaswedan woooow clon gbnur dki brtmn dgn isis;0
@aniesbaswedan program anies? mksud anda yg program dusta? dp 0% jd. tanpa dp jd. dp ditanggung pmrintah jd. 6 bulan cicilan dp?;0
rt @halojakarta: pencitraan disaat orang pada kesusahan\n\npantaskah @aniesbaswedan @sandiuno dipilih ? https:\/\/t.co\/38hskbs8ki;0
@stephmst @wakilgubernurkw @lukmansaifuddin @aniesbaswedan pengikut2nya sdh di cuci otaknya.model begini di agung2kan.;0
rt @takviri: fix bukan ente lah nies @aniesbaswedan yg mencla-mencle dp 0% jadi 0 rupiah, lalu dp ditanggung apbd, lalu ganti la\u2026 ;0
rt @pseudosopi: sadar atau tidak, anies baswedan pernah sebut prabowo diusung para mafia, sangkin inginnya dia jadi menteri.. https:\/\/t.co\/\u2026;0
rt @hudattamini: @ch_chotimah @meni3k_ @aniesbaswedan .... intelektual anies musnah oleh ambisi jadi gubernur, karakter asli keluar : emosi\u2026;0
parah.. segitu nya , sifat aslinya keluar kayanya akhir2 ini \ud83d\ude00 https:\/\/t.co\/0qbg9sba0z;0
rt @takviri: kabar buruk yg baik\n\n-patrialis kena ott\n-fahri dilapor ke mkd\n-sylvi diperiksa kasus korupsi\n-anies dilapor ke kpk\n-rizieq ke\u2026;0
rt @maspiyuuu: kelakuan kompas! beda pemberitaan soal anak-anak di kampanye anies dan ahok https:\/\/t.co\/c3eixpqkvo https:\/\/t.co\/qk1aeyvcy1;0
rt @takviri: kabar buruk yg baik\n\n-patrialis kena ott\n-fahri dilapor ke mkd\n-sylvi diperiksa kasus korupsi\n-anies dilapor ke kpk\n-rizieq ke\u2026;0
5 juta warga apakah belum air pam dki seperti kata anies?  https:\/\/t.co\/ecakz0frvg;0
rt @k4mvret: waktu anies sama ahy kesana warga  tidur om. \ud83d\ude02 https:\/\/t.co\/58kts6xzen;0
rt @maspiyuuu: kelakuan kompas! beda pemberitaan soal anak-anak di kampanye anies dan ahok https:\/\/t.co\/c3eixpqkvo https:\/\/t.co\/qk1aeyvcy1;0
rt @didienazhar: anies baswedan mau jual saham pemprov di perusahaan bir, ini kata djarot saiful hidayat\nhttps:\/\/t.co\/kpluburwil;0
rt @zanwarpuji: kalo live , yg nonton bosen, disekitar mereka ngumpul semua timnya ... ngerubungin pe akhir gerilya ... https:\/\/t.co\/wbgpiy\u2026;0
#coblosnomor2 anies mau pulangkan ke kampung, ahok : beliin tiket dong! https:\/\/t.co\/uzkjnqmmjz yakinn pak!!;0
*fitnah yang lucu*\n\nfitnah lagi-lagi beredar untuk anies baswedan. setelah tudingan syiah, jil, wahabi dan... https:\/\/t.co\/mhecorgffl;0
5. saya percaya relawan @roemahdjoeang banyak yg berkorban lebih besar dari anies dan sandi sekali pun.;0
rt @edwardsuhadi: makin buas juga saya memastikan bapak tidak menang. nothing personal, it's just politics \ud83d\ude18 siap-siap ya \ud83d\udcaa\ud83c\udffc https:\/\/t.co\/j\u2026;0
rt @beritasatu: #populerb1 3: anies mau subsidi angkot, ahok: beliau tidak baca uu transportasi https:\/\/t.co\/rgbqk3jsyd https:\/\/t.co\/igpwoe\u2026;0
kocak! ini surat terbuka denny siregar kepada anies yang bikin ngakak  https:\/\/t.co\/r6bhl39lly;0
sampah! https:\/\/t.co\/cnd2leqrui;0
rt @polluxa: fuck this shit. pemecah-belah bangsa. kalau punya e-ktp &amp;0
rt @mrshananto: mari melawan anies baswedan. fenboi unite. value kita sama, khianat jgn dibiarkan. masa lu diem aja? https:\/\/t.co\/i1b4x1suo3;0
masih berdebat, ahok ngotot anies tetap di posisi buncit https:\/\/t.co\/e2fdqzbvp6 via @politiktoday;0
anies baswedan resmi dilaporkan ke kpk https:\/\/t.co\/iaaoqhtc66\ndi kawal kasusnya...;0
rt @polluxa: fuck this shit. pemecah-belah bangsa. kalau punya e-ktp &amp;0
@teddygusnaidi @jakartastar @aniesbaswedan islam abal2","display_text_range":[15,54],"source":"\u003ca href=\"http:\/\/twitter.com\/download\/android\" rel=\"nofollow\"\u003etwitter for android\u003c\/a\u003e","truncated":false,"in_reply_to_status_id":834;0
rt @wakilgubernurkw: rizieq \"bunuh (@jokowi ) pion komunis\"\nmau punya gubernur yg didukung ormas pemfitnah presiden?\npilih @aniesbaswedan\nh\u2026;0
rt @wakilgubernurkw: rizieq: \"menag sesat!\"\nmau punya gubernur dki yg didukung ormas penghina @lukmansaifuddin?\npilih @aniesbaswedan \nhttps\u2026;0
@wakilgubernurkw bersama fpi (isis) si @aniesbaswedan nyagub","display_text_range":[17,60],"source":"\u003ca href=\"http:\/\/twitter.com\/download\/android\" rel=\"nofollow\"\u003etwitter for android\u003c\/a\u003e","truncated":false,"in_reply_to_status_i;0
rt @msuryaman4: wadduh..  lihat pongahnya si @aniesbaswedan kyk gak ngerti berbangsa dan bernegara nih org..gak layak lah jadi pemi\u2026 ;0
rt @petii12_: cc @aniesbaswedan duh piye to pak anies sampean koq rasis ,sara https:\/\/t.co\/y8vkjlmcmm;0
rt @wedus_gembei: @takviri kamerad resmi lapor anies ke kpk https:\/\/t.co\/10hmbwrxqv;0
rt @progres_98: secara bersamaan, jaringan istana libas hrs, sylvia, anies dan mengarah pada sby! masih perlukah pilgun dki? - https:\/\/t.co\u2026;0
mantap...santun tapi korupsi..sanusi jilid 2 \ud83d\ude06\ud83d\ude06\ud83d\ude06 mpok sylvi &amp;0
rt @netizentofa: sylvi udah, anies baswedan udah. tinggal ke agus saja. dendamnya tidak diketahui, berbentuk apa.;0
rt @maspiyuuu: kelakuan kompas! beda pemberitaan soal anak-anak di kampanye anies dan ahok https:\/\/t.co\/c3eixpqkvo https:\/\/t.co\/qk1aeyvcy1;0
rt @progres_98: secara bersamaan, jaringan istana libas hrs, sylvia, anies dan mengarah pada sby! masih perlukah pilgun dki? - https:\/\/t.co\u2026;0
rt @progres_98: (2) penetapan hrs sbg tersangka, sylvia diperiksa, anies dilaporkan ke kpk dan sby gencar difitnah, maka pilgub jd makin td\u2026;0
rt @petii12_: cc @aniesbaswedan duh piye to pak anies sampean koq rasis ,sara https:\/\/t.co\/y8vkjlmcmm;0
rt @netizentofa: sylvi udah, anies baswedan udah. tinggal ke agus saja. dendamnya tidak diketahui, berbentuk apa.;0
rt @progres_98: (2) penetapan hrs sbg tersangka, sylvia diperiksa, anies dilaporkan ke kpk dan sby gencar difitnah, maka pilgub jd makin td\u2026;0
rt @suarapembaruan: anies baswedan dilaporkan kamerad ke kpk https:\/\/t.co\/tzxkudrujj https:\/\/t.co\/8f9oggnkzp;0
nah loh yg santun mau kesangkut juga korup https:\/\/t.co\/wvppcidspc;0
rt @teddygusnaidi: 16. banjir di jakarta di jadikan alat utk @aniesbaswedan &amp @sandiuno juga para pendukungnya menyerang ahok. banjir dijad\u2026;0
rt @budiwardoyo8o: bgmna menyebut ulama kpd babi rej\u00c8k?sy mulai di mi sampai uzur blm pernah kiayi, ustad, ulama yg ngajari sy mulutny\u2026 ;0
rt @teddygusnaidi: 1. ketika saya tanyakan soal arti al-maidah:51, anti ahok dan bahkan pendukung @aniesbaswedan tidak ada yang mampu\u2026 ;0
rt @wakilgubernurkw: \"fpi dukung teroris alqaeda\"\nmau punya gubernur dki yg didukung ormas fpi pendukung teroris?\npilih @aniesbaswedan\nhttp\u2026;0
rt @wakilgubernurkw: \"kristen. bangsat lu *pukul*\"\nmau punya gubernur dki yg ddukung fpi pemukul ibu kr bukn muslim?\npilih @aniesbaswedan\nh\u2026;0
krn @aniesbaswedan ga tau gmn mngajar, statusnya aja mantan, mntan yg dipecat loh ya. catat di pecat. @binminah;0
rt @wakilgubernurkw: \"bunuh ahmadiyah\"\nmau punya gubernur dki yg didukung ormas otak pembunuh seperti fpi?\npilih @aniesbaswedan\nhttps:\/\/t.c\u2026;0
rt @wakilgubernurkw: rizieq \"said aqil goblok! dedengkot anus\"\nmau punya gubernur dki yg didukung\npenghina ketum nu?\npilih @aniesbaswedan\nh\u2026;0
rt @wakilgubernurkw: \"fpi dukung teroris alqaeda\"\nmau punya gubernur dki yg didukung ormas fpi pendukung teroris?\npilih @aniesbaswedan\nhttp\u2026;0
rt @wakilgubernurkw: \"ayo bunuh ahok\" \nmau punya gubernur dki yg didukung ormas yg mudah ajak bunuh orang ky fpi?\npilih @aniesbaswedan \nhtt\u2026;0
rt @wakilgubernurkw: \"darahmu halal ahok! \"\nmau punya gubernur dki yg didukung ormas yg mudah numpahin darah manusia kaya fpi &amp;0
rt @wakilgubernurkw: rizieq \"bunuh (@jokowi ) pion komunis\"\nmau punya gubernur yg didukung ormas pemfitnah presiden?\npilih @aniesbaswedan\nh\u2026;0
rt @wakilgubernurkw: rizieq: \"menag sesat!\"\nmau punya gubernur dki yg didukung ormas penghina @lukmansaifuddin?\npilih @aniesbaswedan \nhttps\u2026;0
@anhazai @wakilgubernurkw @aniesbaswedan wkwkwkw..pki omong kosong..fpi dukung isis uda nyata koplak;0
rt @wakilgubernurkw: \"fpi dukung teroris alqaeda\"\nmau punya gubernur dki yg didukung ormas fpi pendukung teroris?\npilih @aniesbaswedan\nhttp\u2026;0
rt @wakilgubernurkw: \"fpi dukung teroris alqaeda\"\nmau punya gubernur dki yg didukung ormas fpi pendukung teroris?\npilih @aniesbaswedan\nhttp\u2026;0
saat pilpres, anies baswedan pernah sebut prabowo didukung kelompok mafia https:\/\/t.co\/flfujfa9dj via @tribunnews;0
teganya anies baswedan, menyusupkan syiah iran lewat pendidikan dan kebudayaan;0
@manjalarad @temanahok @aniesbaswedan @pandji @kompascom tanya anis, sebagai pendidik pasti tau salahnya di mana, jgn berlagak bloon;0
rt @wakilgubernurkw: \"fpi dukung teroris alqaeda\"\nmau punya gubernur dki yg didukung ormas fpi pendukung teroris?\npilih @aniesbaswedan\nhttp\u2026;0
rt @sugi_0706: pak @prabowo saya sih berharap bapak tidak sama inkonsistennya dengan @aniesbaswedan, sekarang masih?\ud83d\udc47 https:\/\/t.co\/hzk4ywh7\u2026;0
sampein program rumah dp 0% ya pak? \ud83d\ude02 @aniesbaswedan https:\/\/t.co\/pufsckfemb;0
rt @tnasionalis: lha itulah, sudah jd mentri kok msh urusi pilgub ya piye toh https:\/\/t.co\/buvpc2uo8i;0
fix bukan ente lah nies @aniesbaswedan yg mencla-mencle dp 0% jadi 0 rupiah, lalu ditanggang apbd, lalu ganti lagi\u2026 https:\/\/t.co\/vhqjdnmjru;0
rt @takviri: fix bukan ente lah nies @aniesbaswedan yg mencla-mencle dp 0% jadi 0 rupiah, lalu ditanggang apbd, lalu ganti lagi\u2026 ;0
fix bukan ente lah nies @aniesbaswedan yg mencla-mencle dp 0% jadi 0 rupiah, lalu dp ditanggung apbd, lalu ganti la\u2026 https:\/\/t.co\/mjxkvvtwce;0
rt @sugi_0706: pak @prabowo saya sih berharap bapak tidak sama inkonsistennya dengan @aniesbaswedan, sekarang masih?\ud83d\udc47 https:\/\/t.co\/hzk4ywh7\u2026;0
ini kelakuan tongkol dpp fpi nya @aniesbaswedan ?;0
rt @kopitoba: saat pilpres, anies baswedan pernah sebut prabowo didukung kelompok mafia https:\/\/t.co\/flfujfa9dj via @tribunnews;0
rt @takviri: fix bukan ente lah nies @aniesbaswedan yg mencla-mencle dp 0% jadi 0 rupiah, lalu dp ditanggung apbd, lalu ganti la\u2026 ;0
@teddygusnaidi prtanyaan elo trkait ayat al qur'an brbau politis krn cuma nanya ke pndukung @aniesbaswedan .","display_text_range":[15,108],"source":"\u003ca href=\"http:\/\/twitter.com\/download\/android\" rel=\"nofollow\"\u003etwitter for android\u003c\;0
rt @wakilgubernurkw: \"fpi dukung isis tegakan khilafah\" \nmau punya gubernurdki yg ddukung ormas yg sepakat dgn isis?\npilih @aniesbaswedan\nh\u2026;0
rt @triwul82: anies jadi menteri tidak memberikan perubahan didunia pendidikan,koq skr janji memberikan solusi kesejahteraan warga https:\/\/\u2026;0
rt @wakilgubernurkw: \"darahmu halal ahok! \"\nmau punya gubernur dki yg didukung ormas yg mudah numpahin darah manusia kaya fpi &amp fui?\npil\u2026 ;0
rt @iwanmld: @wakilgubernurkw @lukmansaifuddin @aniesbaswedan padahal yg sesat itu riziq sihab beserta umat fpi-nya sendiri..;0
rt @wakilgubernurkw: rizieq \"said aqil goblok! dedengkot anus\"\nmau punya gubernur dki yg didukung\npenghina ketum nu?\npilih @aniesbaswedan\nh\u2026;0
terbongkar! fakta air di rusunawa rawa bebek rp 1.200 jadi rp 5.500, ternyata ada sandiaga uno dibaliknya! https:\/\/t.co\/racn9ftece;0
rt @kopitoba: saat pilpres, anies baswedan pernah sebut prabowo didukung kelompok mafia https:\/\/t.co\/flfujfa9dj via @tribunnews;0
rt @wakilgubernurkw: \"fpi dukung teroris alqaeda\"\nmau punya gubernur dki yg didukung ormas fpi pendukung teroris?\npilih @aniesbaswedan\nhttp\u2026;0
rt @chicohakim: .@aniesbaswedan ktika d masjid massa triak gantung ahok &amp km biarkan buat sy tanya (yg tdk anda tanyakan ke prabowo) https:\u2026;0
rt @qitmr: menag takut rijik https:\/\/t.co\/pyamh827uv;0
rt @budiwardoyo8o: bgmna menyebut ulama kpd babi rej\u00c8k?sy mulai di mi sampai uzur blm pernah kiayi, ustad, ulama yg ngajari sy mulutny\u2026 ;0
rt @takviri: fix bukan ente lah nies @aniesbaswedan yg mencla-mencle dp 0% jadi 0 rupiah, lalu dp ditanggung apbd, lalu ganti la\u2026 ;0
ektabilitas apa yang di sunguhkan anies sandi ? anies basweswedan jadi mentri gak ada hasilnya , sandiaga uno tdk ada hasil karyanya ,ckckck;0
ht dan partai perindo dituduh bersekongkol dg anies baswedan terkait pendistribusian kartu indonesia pindar (kip). \n\nhttps:\/\/t.co\/i9i0gnyac2;0
rt @wakilgubernurkw: rizieq \"said aqil goblok! dedengkot anus\"\nmau punya gubernur dki yg didukung\npenghina ketum nu?\npilih @aniesbaswedan\nh\u2026;0
rt @wakilgubernurkw: \"darahmu halal ahok! \"\nmau punya gubernur dki yg didukung ormas yg mudah numpahin darah manusia kaya fpi &amp fui?\npil\u2026 ;0
belum puas telah menelan banyak korban, https:\/\/t.co\/vnlo1lltbu kembali melakukan fitnah terhadap hary tanoe dan anies baswedan.;0
@chicohakim @aniesbaswedan ikutan mutar ulang ach, malu ga ya;0
rt @wakilgubernurkw: \"fpi dukung teroris alqaeda\"\nmau punya gubernur dki yg didukung ormas fpi pendukung teroris?\npilih @aniesbaswedan\nhttp\u2026;0
i liked a @youtube video https:\/\/t.co\/u4hh1zudx5 dewi persik sebut sandiaga uno pernah lecehkan dirinya saat di bali;0
rt @johnnie_muhan: @reiza_patters @aniesbaswedan cilukbaa... kog pakai sara bhuehuehue https:\/\/t.co\/dd15edl2w1;0
rt @wakilgubernurkw: \"fpi dukung teroris alqaeda\"\nmau punya gubernur dki yg didukung ormas fpi pendukung teroris?\npilih @aniesbaswedan\nhttp\u2026;0
rt @pbenyw: banjir lumpur....banjir lumpur, akibat penambangan pt bumi suksesindo milik @sandiuno di banyuwangi.\u2026 ;0
rt @tolakbigotri: sandiaga cium tangan ke ustad tengku dan anies baswedan sowan ke rizieq syihab. sowan kok penghasut umat di negeri ini. m\u2026;0
rt @wakilgubernurkw: \"bunuh ahmadiyah\"\nmau punya gubernur dki yg didukung ormas otak pembunuh seperti fpi?\npilih @aniesbaswedan\nhttps:\/\/t.c\u2026;0
rt @triwul82: anies jadi menteri tidak memberikan perubahan didunia pendidikan,koq skr janji memberikan solusi kesejahteraan warga https:\/\/\u2026;0
rt @wakilgubernurkw: rizieq \"said aqil goblok! dedengkot anus\"\nmau punya gubernur dki yg didukung\npenghina ketum nu?\npilih @aniesbaswedan\nh\u2026;0
rt @ngopijahe_09: aksi demo sandiaga uno di kejagung | suara pembaruan: https:\/\/t.co\/qg3qdjuhhq;0
pak @aniesbaswedan sehat pak..?? nih ketua ormas congornya kayak comberan trus bapak demi kekuasaan mau didukung sa\u2026 https:\/\/t.co\/7sj6jtit;0
@aniesbaswedan iya mmng enak pak pecatan mentri, apalagi saat lagi nyalon gubernur","display_text_range":[15,82],"source":"\u003ca href=\"http:\/\/twitter.com\" rel=\"nofollow\"\u003etwitter web client\u003c\/a\u003e","truncated":false,"in_reply_to_status;0
rt @pbenyw: banjir lumpur....banjir lumpur, akibat penambangan pt bumi suksesindo milik @sandiuno di banyuwangi.\u2026 ;0
rt @teddygusnaidi: 2. ketika saya tanya dasar hukum kasus ahok, anti ahok dan pendukung @aniesbaswedan tdk ada yg bisa menjawab \ud83d\ude0a  https:\/\/\u2026;0
@wakilgubernurkw @jokowi @aniesbaswedan ahok sibuk membangun rizik sibuk membunuh, jelas beda org baik dgn org setan","display_text_range":[40,116],"source":"\u003ca href=\"http:\/\/twitter.com\/download\/android\" rel=\"nofollow\"\u003etwitter for androi;0
rt @wakilgubernurkw: \"darahmu halal ahok! \"\nmau punya gubernur dki yg didukung ormas yg mudah numpahin darah manusia kaya fpi &amp fui?\npil\u2026 ;0
rt @wakilgubernurkw: \"fpi dukung teroris alqaeda\"\nmau punya gubernur dki yg didukung ormas fpi pendukung teroris?\npilih @aniesbaswedan\nhttp\u2026;0
rt @ahokdijegal: ya, itulah namanya memanfaatkan. @aniesbaswedan telah membiarkan dirinya menjadi pion @prabowo untuk sekarang. ga t\u2026 ;0
rt @teddygusnaidi: 1. ketika saya tanyakan soal arti al-maidah:51, anti ahok dan bahkan pendukung @aniesbaswedan tidak ada yang mampu\u2026 ;0
rt @chicohakim: .@aniesbaswedan ktika d masjid massa triak gantung ahok &amp km biarkan buat sy tanya (yg tdk anda tanyakan ke prabowo) https:\u2026;0
rt @teddygusnaidi: 1. ketika saya tanyakan soal arti al-maidah:51, anti ahok dan bahkan pendukung @aniesbaswedan tidak ada yang mampu\u2026 ;0
rt @msuryaman4: cc @aniesbaswedan ide ente ngawur apa bank sentimen sama ente.. kok gak ada yg. setuju tuh..  #dp0%bohong https:\/\/t.co\/knjp\u2026;0
rt @takviri: fix bukan ente lah nies @aniesbaswedan yg mencla-mencle dp 0% jadi 0 rupiah, lalu dp ditanggung apbd, lalu ganti la\u2026 ;0
rt @teddygusnaidi: 1. ketika saya tanyakan soal arti al-maidah:51, anti ahok dan bahkan pendukung @aniesbaswedan tidak ada yang mampu\u2026 ;0
rt @takviri: fix bukan ente lah nies @aniesbaswedan yg mencla-mencle dp 0% jadi 0 rupiah, lalu dp ditanggung apbd, lalu ganti la\u2026 ;0
i added a video to a @youtube playlist https:\/\/t.co\/4lljoqblvy prabowo subianti mengatakan prabowo, anies baswedan-sandi pasangan pahe;0
prabowo subianti mengatakan prabowo, anies baswedan-sandi pasangan pahe: https:\/\/t.co\/4lljoqblvy via @youtube;0
rt @wakilgubernurkw: \"fpi dukung teroris alqaeda\"\nmau punya gubernur dki yg didukung ormas fpi pendukung teroris?\npilih @aniesbaswedan\nhttp\u2026;0
rt @chicohakim: .@aniesbaswedan ktika d masjid massa triak gantung ahok &amp km biarkan buat sy tanya (yg tdk anda tanyakan ke prabowo) https:\u2026;0
rt @amaliaamelcute2: https:\/\/t.co\/gog1m4gu8a\ncolek @aniesbaswedan @sandiuno \nprogam  bangkrut ya....\u00a1\u00a1\u00a1 \nterlalu resiko;0
rt @wakilgubernurkw: \"darahmu halal ahok! \"\nmau punya gubernur dki yg didukung ormas yg mudah numpahin darah manusia kaya fpi &amp fui?\npil\u2026 ;0
rt @msuryaman4: wadduh..  lihat pongahnya si @aniesbaswedan kyk gak ngerti berbangsa dan bernegara nih org..gak layak lah jadi pemi\u2026 ;0
wadduh..  lihat pongahnya si @aniesbaswedan kyk gak ngerti berbangsa dan bernegara nih org..gak layak lah jadi pemi\u2026 https:\/\/t.co\/8fbvpjd7jx;0
saya mah pilih @basuki_btp aja yg cinta nkri, daripada pilih @aniesbaswedan yg didukung ormas pemfitnah presiden. k\u2026 https:\/\/t.co\/wiouvrazzc;0
cc @aniesbaswedan ide ente ngawur apa bank sentimen sama ente.. kok gak ada yg. setuju tuh..  #dp0%bohong https:\/\/t.co\/knjpb9do5u;0
baru kali ini ngomong sama orang yg kelewat dongok https:\/\/t.co\/fbs7gbpq7w;0
rt @ahokdijegal: pastilah itu. bohong, kalo dia bilang ga akan lakukan itu. \ud83d\udc4e https:\/\/t.co\/yqdumusgag;0
rt @wakilgubernurkw: rizieq \"said aqil goblok! dedengkot anus\"\nmau punya gubernur dki yg didukung\npenghina ketum nu?\npilih @aniesbaswedan\nh\u2026;0
rt @pbenyw: banjir lumpur....banjir lumpur, akibat penambangan pt bumi suksesindo milik @sandiuno di banyuwangi.\u2026 ;0
islam itu menyejukan loh pak @aniesbaswedan \ntapi kenapa jenazah pun anda teror?\n#muslimkecewaanies https:\/\/t.co\/cyww5ks23z;0
@aniesbaswedan @jktmajubersama @pendoporelawan @gerindra @partaiperindo @pksejahtera kebahagiaan akan hilang saat coblosan;0
rt @chicohakim: benci itu terlalu halus.\njijik tepatnya. https:\/\/t.co\/ogkgmkias8;0
akhirat itu sudah ketetapan tuhan. sudah benar\" gila jika ditentukan oleh pilkada! \n@aniesbaswedan\u2026 https:\/\/t.co\/l3htgfnjya;0
rt @fadliiraw: akhirat itu sudah ketetapan tuhan. sudah benar\" gila jika ditentukan oleh pilkada! \n@aniesbaswedan\u2026 ;0
rt @fadliiraw: islam itu menyejukan loh pak @aniesbaswedan \ntapi kenapa jenazah pun anda teror?\n#muslimkecewaanies https:\/\/t.co\/cyww5ks23z;0
rt @_yayan_sopian: menyedihkan pak @aniesbaswedan \n#muslimkecewaanies https:\/\/t.co\/ojgsijsqic;0
@richard_ludin @aniesbaswedan @partaiperindo @pksejahtera hahahaaa... kok spanduk tolak jenasah udah gak ada?  abis dana brp bikin spnduk?;0
