rt @lord_kobra: lu gua ketawain dan gua diss. swag. https:\/\/t.co\/dngohq0fcf
mediagroup hoax!! ikatan... https:\/\/t.co\/1amb74ifki #ahokermakinkalap #stopkristenradikal #damaitanpaormasanarkis https:\/\/t.co\/vvdlfho8zz","display_text_range":[0,113],"source":"\u003ca href=\"http:\/\/twibble.io\" rel=\"nofollow\"\u003etwibble.io\u003c\/a\u003e","truncated":false,"in_reply_to_status_id":null,"in_reply_to_status_id_str":null,"in_reply_to_user_id":null,"in_reply_to_user_id_str":null,"in_reply_to_screen_name":null,"user":{"id":817004809408614400,"id_str":"817004809408614400","name":"pdip partai terkorup","screen_name":"abujandakembang","location":"dki jakarta, indonesia","url":"http:\/\/www.charles-honoris.com\/#cina-pki-babi","description":"warga dki jakarta tolak ahok si basuki janda purnama dan gerakan pki di indonesia. #pilkadadki2017 #rakyatdukungtni","protected":false,"verified":false,"followers_count":11,"friends_count":46,"listed_count":0,"favourites_count":99,"statuses_count":2471,"created_at":"thu jan 05 13:48:20 +0000 2017","utc_offset":null,"time_zone":null,"geo_enabled":true,"lang":"id","contributors_enabled":false,"is_translator":false,"profile_background_color":"f5f8fa","profile_background_image_url":"","profile_background_image_url_https":"","profile_background_tile":false,"profile_link_color":"1da1f2","profile_sidebar_border_color":"c0deed","profile_sidebar_fill_color":"ddeef6","profile_text_color":"333333","profile_use_background_image":true,"profile_image_url":"http:\/\/pbs.twimg.com\/profile_images\/817422443916578816\/szrramig_normal.jpg","profile_image_url_https":"https:\/\/pbs.twimg.com\/profile_images\/817422443916578816\/szrramig_normal.jpg","profile_banner_url":"https:\/\/pbs.twimg.com\/profile_banners\/817004809408614400\/1483724323","default_profile":true,"default_profile_image":false,"following":null,"follow_request_sent":null,"notifications":null},"geo":null,"coordinates":null,"place":null,"contributors":null,"is_quote_status":false,"retweet_count":0,"favorite_count":0,"entities":{"hashtags":[{"text":"ahokermakinkalap","indices":[52,69]},{"text":"stopkristenradikal","indices":[70,89]},{"text":"damaitanpaormasanarkis","indices":[90,113]}],"urls":[{"url":"https:\/\/t.co\/1amb74ifki","expanded_url":"http:\/\/news.okezone.com\/read\/2017\/01\/11\/338\/1588282\/ikatan-alumni-ui-membuat-game-untuk-anies-sandi","display_url":"news.okezone.com\/read\/2017\/01\/1\u2026","indices":[28,51]}],"user_mentions":[],"symbols":[],"media":[{"id":818889011737468928,"id_str":"818889011737468928","indices":[114,137],"media_url":"http:\/\/pbs.twimg.com\/media\/c11hn68viaakthm.jpg","media_url_https":"https:\/\/pbs.twimg.com\/media\/c11hn68viaakthm.jpg","url":"https:\/\/t.co\/vvdlfho8zz","display_url":"pic.twitter.com\/vvdlfho8zz","expanded_url":"https:\/\/twitter.com\/abujandakembang\/status\/818889014174425088\/photo\/1","type":"photo","sizes":{"small":{"w":680,"h":383,"resize":"fit"},"medium":{"w":800,"h":450,"resize":"fit"},"thumb":{"w":150,"h":150,"resize":"crop"},"large":{"w":800,"h":450,"resize":"fit"}}}]},"extended_entities":{"media":[{"id":818889011737468928,"id_str":"818889011737468928","indices":[114,137],"media_url":"http:\/\/pbs.twimg.com\/media\/c11hn68viaakthm.jpg","media_url_https":"https:\/\/pbs.twimg.com\/media\/c11hn68viaakthm.jpg","url":"https:\/\/t.co\/vvdlfho8zz","display_url":"pic.twitter.com\/vvdlfho8zz","expanded_url":"https:\/\/twitter.com\/abujandakembang\/status\/818889014174425088\/photo\/1","type":"photo","sizes":{"small":{"w":680,"h":383,"resize":"fit"},"medium":{"w":800,"h":450,"resize":"fit"},"thumb":{"w":150,"h":150,"resize":"crop"},"large":{"w":800,"h":450,"resize":"fit"}}}]},"favorited":false,"retweeted":false,"possibly_sensitive":false,"filter_level":"low","lang":"in","timestamp_ms":"1484073329858"}

aniesbaswedan akan buat gerakan ceo \"ngajar\" kepala sekolah https:\/\/t.co\/igdhqpq35r
rt @lord_kobra: pd dasarnya sih pandji harmless, sbg pribadi\/rapper. tapi menormalkan fuckery politik spt anies itu lbh berbahaya dari fasi\u2026
aniesbaswedan akan buat gerakan ceo \"ngajar\" kepala sekolah https:\/\/t.co\/mlyp332qvj
