22:21\nal-jazeera tv wawancara ahok terkait dugaan \"penodaan agama\": https:\/\/t.co\/gzfnhysf7z melalui @youtube
ya iyalah pilih ahok! dia kan bangga banget bikin instrumen buat iklan podomoro! inget imbas reklamasi pak!!! https:\/\/t.co\/ol5yiefqhq
rt @tanpadelusi: guys, jangan lupa besok hari sidang ahok.\nsemua berawal dari buni shg ahok harus menghadapi saksi palsu di persidan\u2026 
pdip sengaja becah belah rakyat warga dki tidak pilih ahok!! gandeng... https:\/\/t.co\/bgjljtlttf #debat2pilkadadki https:\/\/t.co\/jkzhbctcbm","display_text_range":[0,113],"source":"\u003ca href=\"http:\/\/twibble.io\" rel=\"nofollow\"\u003etwibble.io\u003c\/a\u003e","truncated":false,"in_reply_to_status_id":null,"in_reply_to_status_id_str":null,"in_reply_to_user_id":null,"in_reply_to_user_id_str":null,"in_reply_to_screen_name":null,"user":{"id":822428199451668480,"id_str":"822428199451668480","name":"pilih 1 atau 3 saja","screen_name":"pilih1atau3","location":"indonesia","url":null,"description":"pilih satu atau tiga, pilih ganjil jangan genap","protected":false,"verified":false,"followers_count":2,"friends_count":108,"listed_count":1,"favourites_count":8,"statuses_count":2560,"created_at":"fri jan 20 12:58:57 +0000 2017","utc_offset":25200,"time_zone":"jakarta","geo_enabled":true,"lang":"id","contributors_enabled":false,"is_translator":false,"profile_background_color":"f5f8fa","profile_background_image_url":"","profile_background_image_url_https":"","profile_background_tile":false,"profile_link_color":"1da1f2","profile_sidebar_border_color":"c0deed","profile_sidebar_fill_color":"ddeef6","profile_text_color":"333333","profile_use_background_image":true,"profile_image_url":"http:\/\/pbs.twimg.com\/profile_images\/822430736963641344\/8nkppang_normal.jpg","profile_image_url_https":"https:\/\/pbs.twimg.com\/profile_images\/822430736963641344\/8nkppang_normal.jpg","profile_banner_url":"https:\/\/pbs.twimg.com\/profile_banners\/822428199451668480\/1484918222","default_profile":true,"default_profile_image":false,"following":null,"follow_request_sent":null,"notifications":null},"geo":null,"coordinates":null,"place":null,"contributors":null,"is_quote_status":false,"retweet_count":0,"favorite_count":0,"entities":{"hashtags":[{"text":"debat2pilkadadki","indices":[96,113]}],"urls":[{"url":"https:\/\/t.co\/bgjljtlttf","expanded_url":"http:\/\/www.cnnindonesia.com\/ekonomi\/20170130120457-85-189969\/gandeng-bkpm-jonan-pede-investasi-listrik-dan-migas-meroket\/","display_url":"cnnindonesia.com\/ekonomi\/201701\u2026","indices":[72,95]}],"user_mentions":[],"symbols":[],"media":[{"id":825947137624010752,"id_str":"825947137624010752","indices":[114,137],"media_url":"http:\/\/pbs.twimg.com\/media\/c3zai61ucaa2pha.jpg","media_url_https":"https:\/\/pbs.twimg.com\/media\/c3zai61ucaa2pha.jpg","url":"https:\/\/t.co\/jkzhbctcbm","display_url":"pic.twitter.com\/jkzhbctcbm","expanded_url":"https:\/\/twitter.com\/pilih1atau3\/status\/825947139897438208\/photo\/1","type":"photo","sizes":{"thumb":{"w":150,"h":150,"resize":"crop"},"large":{"w":650,"h":366,"resize":"fit"},"medium":{"w":650,"h":366,"resize":"fit"},"small":{"w":650,"h":366,"resize":"fit"}}}]},"extended_entities":{"media":[{"id":825947137624010752,"id_str":"825947137624010752","indices":[114,137],"media_url":"http:\/\/pbs.twimg.com\/media\/c3zai61ucaa2pha.jpg","media_url_https":"https:\/\/pbs.twimg.com\/media\/c3zai61ucaa2pha.jpg","url":"https:\/\/t.co\/jkzhbctcbm","display_url":"pic.twitter.com\/jkzhbctcbm","expanded_url":"https:\/\/twitter.com\/pilih1atau3\/status\/825947139897438208\/photo\/1","type":"photo","sizes":{"thumb":{"w":150,"h":150,"resize":"crop"},"large":{"w":650,"h":366,"resize":"fit"},"medium":{"w":650,"h":366,"resize":"fit"},"small":{"w":650,"h":366,"resize":"fit"}}}]},"favorited":false,"retweeted":false,"possibly_sensitive":false,"filter_level":"low","lang":"in","timestamp_ms":"1485756118164"}

