rt @mamaciaa: kalau ahok yang ngomong dianggap melecehkan. trus dibikin rame.\n\nustad2 berkedok agama buat nipu dsb  kog sapi2 aja  \ud83d\ude01 eh sepi dijabat;
rt @hayked: ini foto setelah ahok bicara almaidah,yg kalian blng melecehkan islam\nmasak habis dilecehin jd kek gini romantisnya? https:\/\/t.\u2026;
pp pemuda muhammadiyah akan laporkan ahok https:\/\/t.co\/blymzzzo9m #metro https:\/\/t.co\/rrd75eznah",;
rt @rapplerid: boneka ahok dijual di filipina? @gunromli katakan ya, tapi @toykingdomph menyangkalnya: https:\/\/t.co\/hgns8emg7c https:\/\/t.co\u2026;
tidak perlu memakai akun palsu untuk meng-tweet dan membuat trending itu hak anda \ud83d\ude37 mui laporkan ahok;
rt @mrshananto: mari bela ahok. potong video 1jam48menit jd 30detik n bilang itu hina islam adalah jahat. sabar. kmrn gw jg bela hak agus m\u2026;
rt @addiems: lihat fakta ini, koq bisa ada yg menyatakan ahok tak sentuh bidang ekonomi ya? https:\/\/t.co\/uthmad6t4d;
ahok lecehkan al qur'an, dpr minta panwaslu mengambil sikap https:\/\/t.co\/ssayscyjmr;
rt @maspiyungan: ribuan umat islam tandatangani petisi atas pelecehan ahok terhadap al-quran https:\/\/t.co\/frxbfupkyq;
@basuki_btp ko ahok knp banyak yg isengin anda di jakarta,fitnah dan jelek2in,ga da kerjaan ya pesaing politik anda,ga takut kah dgn karma?;
rt @dennyja_world: saya melihat data lsi soal pilkada dki yang mengejutkan (survei okt 2016): ahok potensial kalah!;
harus dilawan!\nklo enggak akan ada penistaan agama islam lagi dan lagi...!!! https:\/\/t.co\/0zjdoktt7r","display_text_range":[0,76],"source":"\u003ca;
rt @eae18: 28. jangan dikaburkan bahwa pihak yang tak setuju dengan ujaran ahok telah memelintir. tak ada plintiran jika didekati secara il\u2026;
@null pp pemuda muhammadiyah akan laporkan ahok mereka menuduh ahok melakukan penistaa  https:\/\/t.co\/iazvevb18w;
rt @dennyja_world: saya melihat data lsi soal pilkada dki yang mengejutkan (survei okt 2016): ahok potensial kalah!;
rt @gunromli: toys kingdom di philippine jual boneka ahok @basuki_btp  \ud83d\ude00\ud83d\udc4d\ud83d\udc4d https:\/\/t.co\/iyffhomdn4;
rt @saya_aal: @dedy_steven80 @ratnaspaet @ghazalisil @ridwankamil @jpnncom :d krn di situ gak ada ahok, oma @ratnaspaet kan timses nya ahok\u2026;
rt @wahju_wibowo: mui laporkan ahok...apakah mui sudah melihat utuh video ahok? kebiasaan buruk yg malas membaca\/melihat secara utuh suatu\u2026;
rt @dennyja_world: saya melihat data lsi soal pilkada dki yang mengejutkan (survei okt 2016): ahok potensial kalah!;
rt @kompascom: waketum gerindra: ahok akan kalah dengan perilakunya sendiri. https:\/\/t.co\/osgdt3k9ht;
yg bilang ahok gak salah cuma iblis https:\/\/t.co\/in3adgftca;
rt @datuakrajoangek: memangnya ahok bicara di hadapan pohon pas di pulau 1000? di depan orang kan?kalau di menista agama, minimal udah dile\u2026;
pp pemuda muhammadiyah akan laporkan ahok https:\/\/t.co\/yqbnw5vzxu;
rt @dpp_fpi: undangan: kpd yth. pimp. ormas islam &amp; tokoh. menyikapi penghinaan ahok thd al-qur'an, dpp fpi undang:  jum'at, \u23f0 7.30-11, di\u2026
pp pemuda muhammadiyah akan laporkan ahok https:\/\/t.co\/tleaomdiho;
pp pemuda muhammadiyah akan laporkan ahok https:\/\/t.co\/vcjizhwdsj #lmberita;
pp pemuda muhammadiyah akan laporkan ahok: mereka menuduh ahok melakukan penistaan agama islam.;
pp pemuda muhammadiyah akan laporkan ahok https:\/\/t.co\/zxdnph7ppf;
mui laporkan ahok ke polisi https:\/\/t.co\/6l9jw2liz9;
rt @detikcom: ahok minta maaf soal al maidah 51, novanto: saya sangat bangga! https:\/\/t.co\/pvgswsbpiq;
