@culinaryjournal please kindly wait we are going to respond your mention immediately. tks :)  ^agus","display_text_range":[17,99],"source":"\u003ca href=\"http:\/\/www.bca.co.id\" rel=\"nofollow\"\u003esmm bca\u003c\/a\u003e","truncated":false,"in_reply_to_status_id":810556943400128513,"in_reply_to_status_id_str":"810556943400128513","in_reply_to_user_id":844857157,"in_reply_to_user_id_str":"844857157","in_reply_to_screen_name":"culinaryjournal","user":{"id":620977821,"id_str":"620977821","name":"halo bca","screen_name":"halobca","location":"jakarta - indonesia","url":"http:\/\/www.bca.co.id\/socialmedia","description":"bca senantiasa di sisi anda 24 x 7 | telpon 1500888 atau +62211500888 dari luar negeri","protected":false,"verified":true,"followers_count":126652,"friends_count":3639,"listed_count":198,"favourites_count":34,"statuses_count":532180,"created_at":"thu jun 28 11:24:11 +0000 2012","utc_offset":25200,"time_zone":"jakarta","geo_enabled":false,"lang":"en","contributors_enabled":false,"is_translator":false,"profile_background_color":"235790","profile_background_image_url":"http:\/\/pbs.twimg.com\/profile_background_images\/378800000019408315\/826e4b00927e198174fbd9ed8026d4bb.jpeg","profile_background_image_url_https":"https:\/\/pbs.twimg.com\/profile_background_images\/378800000019408315\/826e4b00927e198174fbd9ed8026d4bb.jpeg","profile_background_tile":true,"profile_link_color":"0084b4","profile_sidebar_border_color":"ffffff","profile_sidebar_fill_color":"ddeef6","profile_text_color":"333333","profile_use_background_image":true,"profile_image_url":"http:\/\/pbs.twimg.com\/profile_images\/608231074435440640\/glpmkzgl_normal.jpg","profile_image_url_https":"https:\/\/pbs.twimg.com\/profile_images\/608231074435440640\/glpmkzgl_normal.jpg","profile_banner_url":"https:\/\/pbs.twimg.com\/profile_banners\/620977821\/1433848548","default_profile":false,"default_profile_image":false,"following":null,"follow_request_sent":null,"notifications":null},"geo":null,"coordinates":null,"place":null,"contributors":null,"is_quote_status":false,"retweet_count":0,"favorite_count":0,"entities":{"hashtags":[],"urls":[],"user_mentions":[{"screen_name":"culinaryjournal","name":"the culinary journal","id":844857157,"id_str":"844857157","indices":[0,16]}],"symbols":[]},"favorited":false,"retweeted":false,"filter_level":"low","lang":"en","timestamp_ms":"1482086941052"}

como te caia la familia de agus? eran tan mierda co... \u2014 mira si vos tenes esa opini\u00f3n de ella no la exprese... https:\/\/t.co\/sklwoeb7sd
rt @keindahan_surga: pas lagi jalan2 ich mas agus mintak sange ach nakal \ud83d\ude0a banget \ud83d\ude0b\nhttps:\/\/t.co\/fhkigsudtj
shinwon_ko: osheunghi: lisa_977 bisa di infokan no rek &amp; no hp ibu lisa melalui dm. tks :)  ^agus
rt @holagustina: en la cena familiar estaban todos con el celu y uno dice pueden guardarlo un rato al final agus es la \u00fanica educada ahre q\u2026
halobca: culinaryjournal utk no tlp layanan halobca +62 21 1500888 jika dari luar negeri. tks :) ^agus
halobca: culinaryjournal please kindly wait we are going to respond your mention immediately. tks :)  ^agus
halobca: culinaryjournal utk no tlp layanan halobca +62 21 1500888 jika dari luar negeri. tks :) ^agus
halobca: culinaryjournal please kindly wait we are going to respond your mention immediately. tks :)  ^agus
rt @twiksevilla: karol ta no brasil, l\u00edo ta no brasil, agus ta no brasil e nao vou ver nenhum deles,,
rt @marpaung913: setelah korlap fpi jadi buronan, tak kelihatan bersama  ahy di lapangan. kini digantikan berseragam mirip fkppi. ta\u2026 
volvamos a agosto o septiembre por ahy\ud83d\ude2d\u270b
rt @nai_piscicelli: volvamos a agosto o septiembre por ahy\ud83d\ude2d\u270b
rt @maelarnaudh: tchai yai mm pas lajan pour manger demi poulet d'abdoul ahy
@dirvitcom @chetaalts  ahy contacto","display_text_range":[23,35],"source":"\u003ca href=\"http:\/\/twitter.com\/download\/android\" rel=\"nofollow\"\u003etwitter for android\u003c\/a\u003e","truncated":false,"in_reply_to_status_id":810558192375787521,"in_reply_to_status_id_str":"810558192375787521","in_reply_to_user_id":730762557447897088,"in_reply_to_user_id_str":"730762557447897088","in_reply_to_screen_name":"dirvitcom","user":{"id":753270823046316033,"id_str":"753270823046316033","name":"brotex","screen_name":"brotexyt","location":"puerto madryn, argentina","url":null,"description":"facebook: martin guerrero \nps3:brotexve\nps4:brotexve\nskype:martin guerrero \nsnapchat:brotexve :d","protected":false,"verified":false,"followers_count":20,"friends_count":35,"listed_count":0,"favourites_count":440,"statuses_count":234,"created_at":"wed jul 13 16:52:14 +0000 2016","utc_offset":null,"time_zone":null,"geo_enabled":false,"lang":"es","contributors_enabled":false,"is_translator":false,"profile_background_color":"f5f8fa","profile_background_image_url":"","profile_background_image_url_https":"","profile_background_tile":false,"profile_link_color":"1da1f2","profile_sidebar_border_color":"c0deed","profile_sidebar_fill_color":"ddeef6","profile_text_color":"333333","profile_use_background_image":true,"profile_image_url":"http:\/\/pbs.twimg.com\/profile_images\/810555221839593473\/5iv93thk_normal.jpg","profile_image_url_https":"https:\/\/pbs.twimg.com\/profile_images\/810555221839593473\/5iv93thk_normal.jpg","profile_banner_url":"https:\/\/pbs.twimg.com\/profile_banners\/753270823046316033\/1468429109","default_profile":true,"default_profile_image":false,"following":null,"follow_request_sent":null,"notifications":null},"geo":null,"coordinates":null,"place":null,"contributors":null,"is_quote_status":false,"retweet_count":0,"favorite_count":0,"entities":{"hashtags":[],"urls":[],"user_mentions":[{"screen_name":"dirvitcom","name":"dirvit\u2122","id":730762557447897088,"id_str":"730762557447897088","indices":[0,10]},{"screen_name":"chetaalts","name":"santachetaaltsclaus","id":734462962862264321,"id_str":"734462962862264321","indices":[11,21]}],"symbols":[]},"favorited":false,"retweeted":false,"filter_level":"low","lang":"es","timestamp_ms":"1482087135759"}

no hay malos amigos ahy amigos ke tratan de ayudarte pero no lo entiendes
rt @clarissaenrque1: esta es una frase de nuestra querida y hermosa @mhonividente @clubmhonifans .... anotenlo por ahy!!! https:\/\/t.co\/eicd\u2026
capas me compro una b y muevo por ahy
rt @maelarnaudh: tchai yai mm pas lajan pour manger demi poulet d'abdoul ahy
rt @bambangelf: jangan asal nuduh ahy bila tak punya bukti.. \n\n*ingat-ingat pesan pak tito.. https:\/\/t.co\/yo51apfdbk
ahy les hablan @l_orocas @antonio11047539 @minivaytor @irenecido @hectorghs @felipeuno21 @fotoeroticamex https:\/\/t.co\/ddcthnfokg","display_text_range":[0,104],"source":"\u003ca href=\"http:\/\/twitter.com\/download\/android\" rel=\"nofollow\"\u003etwitter for android\u003c\/a\u003e","truncated":false,"in_reply_to_status_id":null,"in_reply_to_status_id_str":null,"in_reply_to_user_id":null,"in_reply_to_user_id_str":null,"in_reply_to_screen_name":null,"user":{"id":461199369,"id_str":"461199369","name":"el heartless","screen_name":"heartless_82","location":"guanatos city","url":null,"description":"seguidor fiel y lector de @fersw82 @gdlmetro @periodicometro fan de las chicas sexmexxx y admirador de la belleza femenina","protected":false,"verified":false,"followers_count":5056,"friends_count":1558,"listed_count":20,"favourites_count":12351,"statuses_count":10407,"created_at":"wed jan 11 15:12:43 +0000 2012","utc_offset":null,"time_zone":null,"geo_enabled":true,"lang":"es","contributors_enabled":false,"is_translator":false,"profile_background_color":"c0deed","profile_background_image_url":"http:\/\/abs.twimg.com\/images\/themes\/theme1\/bg.png","profile_background_image_url_https":"https:\/\/abs.twimg.com\/images\/themes\/theme1\/bg.png","profile_background_tile":false,"profile_link_color":"1da1f2","profile_sidebar_border_color":"c0deed","profile_sidebar_fill_color":"ddeef6","profile_text_color":"333333","profile_use_background_image":true,"profile_image_url":"http:\/\/pbs.twimg.com\/profile_images\/761672614850945024\/kb4uegyd_normal.jpg","profile_image_url_https":"https:\/\/pbs.twimg.com\/profile_images\/761672614850945024\/kb4uegyd_normal.jpg","profile_banner_url":"https:\/\/pbs.twimg.com\/profile_banners\/461199369\/1462081450","default_profile":true,"default_profile_image":false,"following":null,"follow_request_sent":null,"notifications":null},"geo":null,"coordinates":null,"place":null,"contributors":null,"quoted_status_id":810545678812409856,"quoted_status_id_str":"810545678812409856","quoted_status":{"created_at":"sun dec 18 18:02:03 +0000 2016","id":810545678812409856,"id_str":"810545678812409856"
rt @nai_piscicelli: volvamos a agosto o septiembre por ahy\ud83d\ude2d\u270b
ahy mmg blm berbuat krn mmg dia blm gubernur tp visi misinya sdh cukup menjelaskan klu ia akan bikin jakarta penuh pesona.
rt @andiarief_aa: cukup menggembirakan, sejaka kemunculan ahy di politik tampak pak jokowi mulai menapak bumi meninggalkan impian yang ngaw\u2026
@game24yt @josecoc6 lo mismo me paso con @bygamingaj y con @pablohe56157532 , pero ahy que conocer mas gente \ud83d\ude09","display_text_range":[20,110],"source":"\u003ca href=\"http:\/\/twitter.com\/download\/android\" rel=\"nofollow\"\u003etwitter for android\u003c\/a\u003e","truncated":false,"in_reply_to_status_id":810559844373725184,"in_reply_to_status_id_str":"810559844373725184","in_reply_to_user_id":759509444174675968,"in_reply_to_user_id_str":"759509444174675968","in_reply_to_screen_name":"game24yt","user":{"id":718448405882789889,"id_str":"718448405882789889","name":"byrocky #shooterarmy","screen_name":"sergiohurtado26","location":"ja\u00e9n, espa\u00f1a","url":"https:\/\/www.youtube.com\/channel\/uc5svrezq9k_v2h78idmeonw","description":"youtuber a veces xd|+50 subs|\ncol\u00edder en sabuesillos top|\nfielmente sabuesillo\u2764|\n#luxidordesabueso|","protected":false,"verified":false,"followers_count":148,"friends_count":133,"listed_count":1,"favourites_count":5460,"statuses_count":2379,"created_at":"fri apr 08 14:40:22 +0000 2016","utc_offset":null,"time_zone":null,"geo_enabled":false,"lang":"es","contributors_enabled":false,"is_translator":false,"profile_background_color":"f5f8fa","profile_background_image_url":"","profile_background_image_url_https":"","profile_background_tile":false,"profile_link_color":"1da1f2","profile_sidebar_border_color":"c0deed","profile_sidebar_fill_color":"ddeef6","profile_text_color":"333333","profile_use_background_image":true,"profile_image_url":"http:\/\/pbs.twimg.com\/profile_images\/769489722020392960\/8j9gchmh_normal.jpg","profile_image_url_https":"https:\/\/pbs.twimg.com\/profile_images\/769489722020392960\/8j9gchmh_normal.jpg","profile_banner_url":"https:\/\/pbs.twimg.com\/profile_banners\/718448405882789889\/1472295635","default_profile":true,"default_profile_image":false,"following":null,"follow_request_sent":null,"notifications":null},"geo":null,"coordinates":null,"place":null,"contributors":null,"is_quote_status":false,"retweet_count":0,"favorite_count":0,"entities":{"hashtags":[],"urls":[],"user_mentions":[{"screen_name":"game24yt","name":"thegame24\u2122 #gamewar","id":759509444174675968,"id_str":"759509444174675968","indices":[0,9]},{"screen_name":"josecoc6","name":"wizzor504","id":4628943857,"id_str":"4628943857","indices":[10,19]},{"screen_name":"bygamingaj","name":"bygamingaj","id":756453007324278784,"id_str":"756453007324278784","indices":[41,52]},{"screen_name":"pablohe56157532","name":"pablo hernandez","id":784789997933080577,"id_str":"784789997933080577","indices":[59,75]}],"symbols":[]},"favorited":false,"retweeted":false,"filter_level":"low","lang":"es","timestamp_ms":"1482087637196"}

rt @halojakarta: wihhh contekan ahy gede banget yah\n\npantes debat mlipir https:\/\/t.co\/ddz3nzepun
rt @triopambudi: untuk siapa ahy bergrilya...? #gerilyaahyuntukrakyat\n#persibday
@cdleganes  a sido un placer,y me alegra mucho que feliciteis a la aficion en publico,lo haceis poco y siempre que nos llamais ahy estamos","display_text_range":[12,138],"source":"\u003ca href=\"http:\/\/twitter.com\/download\/android\" rel=\"nofollow\"\u003etwitter for android\u003c\/a\u003e","truncated":false,"in_reply_to_status_id":810551003326152705,"in_reply_to_status_id_str":"810551003326152705","in_reply_to_user_id":170290937,"in_reply_to_user_id_str":"170290937","in_reply_to_screen_name":"cdleganes","user":{"id":751056765849075712,"id_str":"751056765849075712","name":"pedro soriano","screen_name":"pedroleganes171","location":"legan\u00e9s, espa\u00f1a","url":null,"description":null,"protected":false,"verified":false,"followers_count":6,"friends_count":30,"listed_count":0,"favourites_count":197,"statuses_count":115,"created_at":"thu jul 07 14:14:22 +0000 2016","utc_offset":null,"time_zone":null,"geo_enabled":false,"lang":"es","contributors_enabled":false,"is_translator":false,"profile_background_color":"f5f8fa","profile_background_image_url":"","profile_background_image_url_https":"","profile_background_tile":false,"profile_link_color":"1da1f2","profile_sidebar_border_color":"c0deed","profile_sidebar_fill_color":"ddeef6","profile_text_color":"333333","profile_use_background_image":true,"profile_image_url":"http:\/\/pbs.twimg.com\/profile_images\/758280786445471744\/uahrzopq_normal.jpg","profile_image_url_https":"https:\/\/pbs.twimg.com\/profile_images\/758280786445471744\/uahrzopq_normal.jpg","profile_banner_url":"https:\/\/pbs.twimg.com\/profile_banners\/751056765849075712\/1469623201","default_profile":true,"default_profile_image":false,"following":null,"follow_request_sent":null,"notifications":null},"geo":null,"coordinates":null,"place":null,"contributors":null,"is_quote_status":false,"retweet_count":0,"favorite_count":0,"entities":{"hashtags":[],"urls":[],"user_mentions":[{"screen_name":"cdleganes","name":"c.d. legan\u00e9s","id":170290937,"id_str":"170290937","indices":[0,10]}],"symbols":[]},"favorited":false,"retweeted":false,"filter_level":"low","lang":"es","timestamp_ms":"1482087845147"}

ree giiles bardean ahora y biien qe cuando estuvieron ahy casi lloran los gatos
rt @umar_hasibuan: ahy mmg blm berbuat krn mmg dia blm gubernur tp visi misinya sdh cukup menjelaskan klu ia akan bikin jakarta penuh peson\u2026
siempre ahy para vos asi como vos estuviste sin darte cuenta @yasmi_mendeguia nuestro amor es eterno yas
ahy que alentar todos al  aurinegroo porque esta inchada tiene aguante tiene huevos....
rt @yastriciolove20: siempre ahy para vos asi como vos estuviste sin darte cuenta @yasmi_mendeguia nuestro amor es eterno yas
@ahmedfarid96 ma elnas kolha mt4a2ma wbt3yt ahy hwa f 7d lsa bytfa2l nhrda!\ud83d\ude02","display_text_range":[14,76],"source":"\u003ca href=\"http:\/\/twitter.com\/download\/android\" rel=\"nofollow\"\u003etwitter for android\u003c\/a\u003e","truncated":false,"in_reply_to_status_id":810562348155043840,"in_reply_to_status_id_str":"810562348155043840","in_reply_to_user_id":373512111,"in_reply_to_user_id_str":"373512111","in_reply_to_screen_name":"ahmedfarid96","user":{"id":715687831629332480,"id_str":"715687831629332480","name":"\u0633\u0644\u0633\u0628\u064a\u0644\u0627\u27bf","screen_name":"slsapila_shokry","location":null,"url":null,"description":"\u200f\u200f\u200f\u200f\u200f\u200f\u200f\u200f\u200f\u200f\n\ufef5 \ufe83\ufebb\ufee0\ufea2 \ufedf\ufee0\ufecc\ufef6\ufed7\ufe8e\ufe95 \ufe8d\ufedf\ufed0\ufeae\ufe81\ufee3\ufef4\ufeea \ufed1 \ufe81\ufee7\ufe8e \ufee3\ufea8\ufe98\ufee0\ufeea\n\ufecb\ufed8\ufee0\ufef4\ufe82 \ufeed\ufecb\ufe82\ufe81\ufec3\ufed4\ufef4\ufe8e \ufeed\ufe83\ufe97\ufecc\ufe8e\ufec3\ufef0 \ufe8d\ufedf\ufee4\ufea8\ufeaa\ufead\ufe81\ufe95  \n\n \ud83d\ude02 \u200f\u0645\u062a\u062e\u0635\u0635\u0629 \u0642\u0635\u0641 \u062c\u0628\u0647\u0647","protected":false,"verified":false,"followers_count":680,"friends_count":252,"listed_count":0,"favourites_count":886,"statuses_count":1604,"created_at":"thu mar 31 23:50:50 +0000 2016","utc_offset":null,"time_zone":null,"geo_enabled":false,"lang":"en","contributors_enabled":false,"is_translator":false,"profile_background_color":"f5f8fa","profile_background_image_url":"","profile_background_image_url_https":"","profile_background_tile":false,"profile_link_color":"1da1f2","profile_sidebar_border_color":"c0deed","profile_sidebar_fill_color":"ddeef6","profile_text_color":"333333","profile_use_background_image":true,"profile_image_url":"http:\/\/pbs.twimg.com\/profile_images\/810559805601513472\/b_-gtebs_normal.jpg","profile_image_url_https":"https:\/\/pbs.twimg.com\/profile_images\/810559805601513472\/b_-gtebs_normal.jpg","profile_banner_url":"https:\/\/pbs.twimg.com\/profile_banners\/715687831629332480\/1469246514","default_profile":true,"default_profile_image":false,"following":null,"follow_request_sent":null,"notifications":null},"geo":null,"coordinates":null,"place":null,"contributors":null,"is_quote_status":false,"retweet_count":0,"favorite_count":0,"entities":{"hashtags":[],"urls":[],"user_mentions":[{"screen_name":"ahmedfarid96","name":"\u0627\u0644\u0642\u0646\u0635\u0644 \u270c","id":373512111,"id_str":"373512111","indices":[0,13]}],"symbols":[]},"favorited":false,"retweeted":false,"filter_level":"low","lang":"und","timestamp_ms":"1482088261330"}

@orianaalegre10  ja lo mismo ahy concidencia jeje","display_text_range":[17,49],"source":"\u003ca href=\"http:\/\/twitter.com\/download\/android\" rel=\"nofollow\"\u003etwitter for android\u003c\/a\u003e","truncated":false,"in_reply_to_status_id":810563653195931652,"in_reply_to_status_id_str":"810563653195931652","in_reply_to_user_id":808852049819475968,"in_reply_to_user_id_str":"808852049819475968","in_reply_to_screen_name":"orianaalegre10","user":{"id":806629106729226240,"id_str":"806629106729226240","name":"nicolas chu pelizza","screen_name":"chulepelizza","location":"mar del plata, argentina","url":null,"description":"surfista y tranki olvi moment","protected":false,"verified":false,"followers_count":91,"friends_count":191,"listed_count":0,"favourites_count":0,"statuses_count":6,"created_at":"wed dec 07 22:39:00 +0000 2016","utc_offset":null,"time_zone":null,"geo_enabled":false,"lang":"es","contributors_enabled":false,"is_translator":false,"profile_background_color":"f5f8fa","profile_background_image_url":"","profile_background_image_url_https":"","profile_background_tile":false,"profile_link_color":"1da1f2","profile_sidebar_border_color":"c0deed","profile_sidebar_fill_color":"ddeef6","profile_text_color":"333333","profile_use_background_image":true,"profile_image_url":"http:\/\/pbs.twimg.com\/profile_images\/806659671809474560\/vzdik8ip_normal.jpg","profile_image_url_https":"https:\/\/pbs.twimg.com\/profile_images\/806659671809474560\/vzdik8ip_normal.jpg","default_profile":true,"default_profile_image":false,"following":null,"follow_request_sent":null,"notifications":null},"geo":null,"coordinates":null,"place":null,"contributors":null,"is_quote_status":false,"retweet_count":0,"favorite_count":0,"entities":{"hashtags":[],"urls":[],"user_mentions":[{"screen_name":"orianaalegre10","name":"oriana alegre","id":808852049819475968,"id_str":"808852049819475968","indices":[0,15]}],"symbols":[]},"favorited":false,"retweeted":false,"filter_level":"low","lang":"es","timestamp_ms":"1482088464208"}

rt @clarissaenrque1: esta es una frase de nuestra querida y hermosa @mhonividente @clubmhonifans .... anotenlo por ahy!!! https:\/\/t.co\/eicd\u2026
@zonacero eso fue en la estacion ustedes mismo se prestan para tal sirvenguensura los que estabamos ahy savemos que fue en la estacion","display_text_range":[10,134],"source":"\u003ca href=\"http:\/\/twitter.com\/download\/android\" rel=\"nofollow\"\u003etwitter for android\u003c\/a\u003e","truncated":false,"in_reply_to_status_id":810539900512641026,"in_reply_to_status_id_str":"810539900512641026","in_reply_to_user_id":122960146,"in_reply_to_user_id_str":"122960146","in_reply_to_screen_name":"zonacero","user":{"id":3000437689,"id_str":"3000437689","name":"mandy guerrero gar","screen_name":"mandypulsar1","location":null,"url":null,"description":null,"protected":false,"verified":false,"followers_count":25,"friends_count":107,"listed_count":0,"favourites_count":57,"statuses_count":448,"created_at":"thu jan 29 03:29:11 +0000 2015","utc_offset":null,"time_zone":null,"geo_enabled":true,"lang":"es","contributors_enabled":false,"is_translator":false,"profile_background_color":"c0deed","profile_background_image_url":"http:\/\/abs.twimg.com\/images\/themes\/theme1\/bg.png","profile_background_image_url_https":"https:\/\/abs.twimg.com\/images\/themes\/theme1\/bg.png","profile_background_tile":false,"profile_link_color":"1da1f2","profile_sidebar_border_color":"c0deed","profile_sidebar_fill_color":"ddeef6","profile_text_color":"333333","profile_use_background_image":true,"profile_image_url":"http:\/\/pbs.twimg.com\/profile_images\/808008429390430208\/bzkxmmbd_normal.jpg","profile_image_url_https":"https:\/\/pbs.twimg.com\/profile_images\/808008429390430208\/bzkxmmbd_normal.jpg","profile_banner_url":"https:\/\/pbs.twimg.com\/profile_banners\/3000437689\/1481479187","default_profile":true,"default_profile_image":false,"following":null,"follow_request_sent":null,"notifications":null},"geo":null,"coordinates":null,"place":null,"contributors":null,"is_quote_status":false,"retweet_count":0,"favorite_count":0,"entities":{"hashtags":[],"urls":[],"user_mentions":[{"screen_name":"zonacero","name":"zonacero","id":122960146,"id_str":"122960146","indices":[0,9]}],"symbols":[]},"favorited":false,"retweeted":false,"filter_level":"low","lang":"es","timestamp_ms":"1482088499124"}

@iaravalenzuela2 ahy sorry grande.","display_text_range":[17,34],"source":"\u003ca href=\"http:\/\/blackberry.com\/twitter\" rel=\"nofollow\"\u003etwitter for blackberry\u00ae\u003c\/a\u003e","truncated":false,"in_reply_to_status_id":810556865230860288,"in_reply_to_status_id_str":"810556865230860288","in_reply_to_user_id":2395647434,"in_reply_to_user_id_str":"2395647434","in_reply_to_screen_name":"iaravalenzuela2","user":{"id":3213433862,"id_str":"3213433862","name":"facu cabj\ud83d\udc99\ud83d\udc9b\ud83d\udc99","screen_name":"facundo42863935","location":"z\u00e1rate","url":null,"description":null,"protected":false,"verified":false,"followers_count":173,"friends_count":440,"listed_count":0,"favourites_count":599,"statuses_count":6120,"created_at":"sun may 17 16:07:59 +0000 2015","utc_offset":null,"time_zone":null,"geo_enabled":true,"lang":"es","contributors_enabled":false,"is_translator":false,"profile_background_color":"000000","profile_background_image_url":"http:\/\/abs.twimg.com\/images\/themes\/theme1\/bg.png","profile_background_image_url_https":"https:\/\/abs.twimg.com\/images\/themes\/theme1\/bg.png","profile_background_tile":false,"profile_link_color":"884433","profile_sidebar_border_color":"000000","profile_sidebar_fill_color":"000000","profile_text_color":"000000","profile_use_background_image":false,"profile_image_url":"http:\/\/pbs.twimg.com\/profile_images\/809203064943034368\/p1r67i5b_normal.jpg","profile_image_url_https":"https:\/\/pbs.twimg.com\/profile_images\/809203064943034368\/p1r67i5b_normal.jpg","profile_banner_url":"https:\/\/pbs.twimg.com\/profile_banners\/3213433862\/1469652050","default_profile":false,"default_profile_image":false,"following":null,"follow_request_sent":null,"notifications":null},"geo":null,"coordinates":null,"place":null,"contributors":null,"is_quote_status":false,"retweet_count":0,"favorite_count":0,"entities":{"hashtags":[],"urls":[],"user_mentions":[{"screen_name":"iaravalenzuela2","name":"iara","id":2395647434,"id_str":"2395647434","indices":[0,16]}],"symbols":[]},"favorited":false,"retweeted":false,"filter_level":"low","lang":"pt","timestamp_ms":"1482088555306"}

@warrxnb ahy va dormir il est 19h mtn jeanne","display_text_range":[9,44],"source":"\u003ca href=\"http:\/\/twitter.com\/download\/iphone\" rel=\"nofollow\"\u003etwitter for iphone\u003c\/a\u003e","truncated":false,"in_reply_to_status_id":810564399652110336,"in_reply_to_status_id_str":"810564399652110336","in_reply_to_user_id":3009975273,"in_reply_to_user_id_str":"3009975273","in_reply_to_screen_name":"warrxnb","user":{"id":524401497,"id_str":"524401497","name":"maha","screen_name":"maethecreator","location":null,"url":"https:\/\/www.okpal.com\/maethecreator","description":"ayo bienvenu frat\u00e9 \u2728\u2728\u2728\u272892100\u2728\u2728\u2728\u2728 bieber the creator west","protected":false,"verified":false,"followers_count":1517,"friends_count":519,"listed_count":23,"favourites_count":7315,"statuses_count":83231,"created_at":"wed mar 14 14:26:52 +0000 2012","utc_offset":0,"time_zone":"casablanca","geo_enabled":true,"lang":"fr","contributors_enabled":false,"is_translator":false,"profile_background_color":"d5d2cb","profile_background_image_url":"http:\/\/pbs.twimg.com\/profile_background_images\/497100199139880960\/i-aewk6_.jpeg","profile_background_image_url_https":"https:\/\/pbs.twimg.com\/profile_background_images\/497100199139880960\/i-aewk6_.jpeg","profile_background_tile":true,"profile_link_color":"4a1442","profile_sidebar_border_color":"ffffff","profile_sidebar_fill_color":"ea7a9f","profile_text_color":"ff929c","profile_use_background_image":true,"profile_image_url":"http:\/\/pbs.twimg.com\/profile_images\/810548189065527297\/3eqom2h0_normal.jpg","profile_image_url_https":"https:\/\/pbs.twimg.com\/profile_images\/810548189065527297\/3eqom2h0_normal.jpg","profile_banner_url":"https:\/\/pbs.twimg.com\/profile_banners\/524401497\/1482066718","default_profile":false,"default_profile_image":false,"following":null,"follow_request_sent":null,"notifications":null},"geo":null,"coordinates":null,"place":null,"contributors":null,"is_quote_status":false,"retweet_count":0,"favorite_count":0,"entities":{"hashtags":[],"urls":[],"user_mentions":[{"screen_name":"warrxnb","name":"wow","id":3009975273,"id_str":"3009975273","indices":[0,8]}],"symbols":[]},"favorited":false,"retweeted":false,"filter_level":"low","lang":"fr","timestamp_ms":"1482088651505"}

ahy zi t rre mereses conocer a ajusto y a guan xq los cguis ase dos semanas,y nunk les tuiteas pero t lo mereses!!!!11
ismael ahy esta para qe lo reses amen! https:\/\/t.co\/9zu79fcmks
este verano quiero que vuelvas a hacer tu campa\u00f1a en \"playas de oro\" este a\u00f1o me tenes ahy jajaj \ud83d\ude18 @ailen_bechara #ailencdv
porque con todo lo que me dijiste e hiciste aun te tengo en cuenta en todo? no si la verdad me merezco el premio a la mas pelotuda, mal ahy.
rt @yastriciolove20: siempre ahy para vos asi como vos estuviste sin darte cuenta @yasmi_mendeguia nuestro amor es eterno yas
akan ada nanti, sebagian mereka \"panjangin lidah\" nya nanti ke ahy, jk ahy terpilih, sekalipun saat ini \"lidahnya tajam\" buat ahy. politik.
@rvmoficial @rubenbaraja pues trabajo, trabajo pues va a ser que no ahy jugadores que se est\u00e1n arrastrando por los campos","display_text_range":[25,121],"source":"\u003ca href=\"http:\/\/twitter.com\/download\/android\" rel=\"nofollow\"\u003etwitter for android\u003c\/a\u003e","truncated":false,"in_reply_to_status_id":810563659411976192,"in_reply_to_status_id_str":"810563659411976192","in_reply_to_user_id":498012129,"in_reply_to_user_id_str":"498012129","in_reply_to_screen_name":"rvmoficial","user":{"id":295446945,"id_str":"295446945","name":"jorge  mu\u00f1oz  garcia","screen_name":"jormugar","location":null,"url":null,"description":"orgulloso de ser  del rayo vallecano","protected":false,"verified":false,"followers_count":64,"friends_count":388,"listed_count":2,"favourites_count":1525,"statuses_count":3756,"created_at":"mon may 09 01:46:16 +0000 2011","utc_offset":null,"time_zone":null,"geo_enabled":false,"lang":"es","contributors_enabled":false,"is_translator":false,"profile_background_color":"c0deed","profile_background_image_url":"http:\/\/abs.twimg.com\/images\/themes\/theme1\/bg.png","profile_background_image_url_https":"https:\/\/abs.twimg.com\/images\/themes\/theme1\/bg.png","profile_background_tile":false,"profile_link_color":"1da1f2","profile_sidebar_border_color":"c0deed","profile_sidebar_fill_color":"ddeef6","profile_text_color":"333333","profile_use_background_image":true,"profile_image_url":"http:\/\/pbs.twimg.com\/profile_images\/673330891662475265\/yiih3ys6_normal.jpg","profile_image_url_https":"https:\/\/pbs.twimg.com\/profile_images\/673330891662475265\/yiih3ys6_normal.jpg","default_profile":true,"default_profile_image":false,"following":null,"follow_request_sent":null,"notifications":null},"geo":null,"coordinates":null,"place":null,"contributors":null,"is_quote_status":false,"retweet_count":0,"favorite_count":0,"entities":{"hashtags":[],"urls":[],"user_mentions":[{"screen_name":"rvmoficial","name":"rayo vallecano","id":498012129,"id_str":"498012129","indices":[0,11]},{"screen_name":"rubenbaraja","name":"rub\u00e9n baraja","id":795928295359598593,"id_str":"795928295359598593","indices":[12,24]}],"symbols":[]},"favorited":false,"retweeted":false,"filter_level":"low","lang":"es","timestamp_ms":"1482088959221"}

rt @yastriciolove20: siempre ahy para vos asi como vos estuviste sin darte cuenta @yasmi_mendeguia nuestro amor es eterno yas
te amo con el ama...cada paso estar\u00e9 ahy con vos en las buenas y las malas \u2764 te amo hermanita\u2764 @maarifernandez3 https:\/\/t.co\/spiwhs7m0z","display_text_range":[0,111],"source":"\u003ca href=\"http:\/\/twitter.com\/download\/android\" rel=\"nofollow\"\u003etwitter for android\u003c\/a\u003e","truncated":false,"in_reply_to_status_id":null,"in_reply_to_status_id_str":null,"in_reply_to_user_id":null,"in_reply_to_user_id_str":null,"in_reply_to_screen_name":null,"user":{"id":2481936224,"id_str":"2481936224","name":"patry fernandez","screen_name":"patryfernandez3","location":"quilmes, argentina","url":null,"description":"luz y santiago mis amores","protected":false,"verified":false,"followers_count":115,"friends_count":477,"listed_count":1,"favourites_count":2437,"statuses_count":660,"created_at":"wed may 07 11:37:51 +0000 2014","utc_offset":null,"time_zone":null,"geo_enabled":true,"lang":"es","contributors_enabled":false,"is_translator":false,"profile_background_color":"c0deed","profile_background_image_url":"http:\/\/abs.twimg.com\/images\/themes\/theme1\/bg.png","profile_background_image_url_https":"https:\/\/abs.twimg.com\/images\/themes\/theme1\/bg.png","profile_background_tile":false,"profile_link_color":"1da1f2","profile_sidebar_border_color":"c0deed","profile_sidebar_fill_color":"ddeef6","profile_text_color":"333333","profile_use_background_image":true,"profile_image_url":"http:\/\/pbs.twimg.com\/profile_images\/805052087251902464\/uhm1nruj_normal.jpg","profile_image_url_https":"https:\/\/pbs.twimg.com\/profile_images\/805052087251902464\/uhm1nruj_normal.jpg","profile_banner_url":"https:\/\/pbs.twimg.com\/profile_banners\/2481936224\/1474851000","default_profile":true,"default_profile_image":false,"following":null,"follow_request_sent":null,"notifications":null},"geo":null,"coordinates":null,"place":null,"contributors":null,"is_quote_status":false,"retweet_count":0,"favorite_count":0,"entities":{"hashtags":[],"urls":[],"user_mentions":[{"screen_name":"maarifernandez3","name":"mari","id":169318158,"id_str":"169318158","indices":[95,111]}],"symbols":[],"media":[{"id":810566328528596992,"id_str":"810566328528596992","indices":[112,135],"media_url":"http:\/\/pbs.twimg.com\/media\/cz-1x_7w8aa75ok.jpg","media_url_https":"https:\/\/pbs.twimg.com\/media\/cz-1x_7w8aa75ok.jpg","url":"https:\/\/t.co\/spiwhs7m0z","display_url":"pic.twitter.com\/spiwhs7m0z","expanded_url":"https:\/\/twitter.com\/patryfernandez3\/status\/810566434850017280\/photo\/1","type":"photo","sizes":{"medium":{"w":1200,"h":1200,"resize":"fit"},"thumb":{"w":150,"h":150,"resize":"crop"},"large":{"w":1512,"h":1512,"resize":"fit"},"small":{"w":680,"h":680,"resize":"fit"}}}]},"extended_entities":{"media":[{"id":810566328528596992,"id_str":"810566328528596992","indices":[112,135],"media_url":"http:\/\/pbs.twimg.com\/media\/cz-1x_7w8aa75ok.jpg","media_url_https":"https:\/\/pbs.twimg.com\/media\/cz-1x_7w8aa75ok.jpg","url":"https:\/\/t.co\/spiwhs7m0z","display_url":"pic.twitter.com\/spiwhs7m0z","expanded_url":"https:\/\/twitter.com\/patryfernandez3\/status\/810566434850017280\/photo\/1","type":"photo","sizes":{"medium":{"w":1200,"h":1200,"resize":"fit"},"thumb":{"w":150,"h":150,"resize":"crop"},"large":{"w":1512,"h":1512,"resize":"fit"},"small":{"w":680,"h":680,"resize":"fit"}}}]},"favorited":false,"retweeted":false,"possibly_sensitive":false,"filter_level":"low","lang":"es","timestamp_ms":"1482089072321"}

kreativitas lah yang di adu bukan mencari fitnah baru...\n\"ahy - the only 1\" https:\/\/t.co\/tdgrxscs91
tapos mahambal sa ya. online ko pru wala ko ya gasimba. ahy.
rt @nengohd: estoy ahora mismo conectado calentando la ps3 me unire a miembros de crew por si me encuentro a alguno por ahy xdd
rt @ranabaja: selamat bermusyawarah. untuk diketahui, kami tak pernah menjadwalkan kehadiran ahy dalam mubes tersebut.\n\nhttps:\/\/t.co\/5rgj4h\u2026
ahy ini gantungan apa saja nyambung.lihat ahy pakai baju koko wajah teduh dan ramahnya sdh spt pimpinan pesantren. https:\/\/t.co\/r6ap1qlbbd","display_text_range":[0,114],"source":"\u003ca href=\"http:\/\/twitter.com\/download\/iphone\" rel=\"nofollow\"\u003etwitter for iphone\u003c\/a\u003e","truncated":false,"in_reply_to_status_id":null,"in_reply_to_status_id_str":null,"in_reply_to_user_id":null,"in_reply_to_user_id_str":null,"in_reply_to_screen_name":null,"user":{"id":312049767,"id_str":"312049767","name":"#savealeppo","screen_name":"umar_hasibuan","location":"jakarta ","url":null,"description":"| i love chelsea fc | jangan lupa coblos no: 1\ufe0f\u20e3 agus sylvi tanggal 15 februari 2017","protected":false,"verified":false,"followers_count":46325,"friends_count":432,"listed_count":62,"favourites_count":242,"statuses_count":83275,"created_at":"mon jun 06 14:10:27 +0000 2011","utc_offset":-28800,"time_zone":"pacific time (us & canada)","geo_enabled":true,"lang":"en","contributors_enabled":false,"is_translator":false,"profile_background_color":"c0deed","profile_background_image_url":"http:\/\/abs.twimg.com\/images\/themes\/theme1\/bg.png","profile_background_image_url_https":"https:\/\/abs.twimg.com\/images\/themes\/theme1\/bg.png","profile_background_tile":false,"profile_link_color":"1da1f2","profile_sidebar_border_color":"c0deed","profile_sidebar_fill_color":"ddeef6","profile_text_color":"333333","profile_use_background_image":true,"profile_image_url":"http:\/\/pbs.twimg.com\/profile_images\/810566962963066880\/m3byn0c9_normal.jpg","profile_image_url_https":"https:\/\/pbs.twimg.com\/profile_images\/810566962963066880\/m3byn0c9_normal.jpg","profile_banner_url":"https:\/\/pbs.twimg.com\/profile_banners\/312049767\/1478009275","default_profile":true,"default_profile_image":false,"following":null,"follow_request_sent":null,"notifications":null},"geo":null,"coordinates":null,"place":null,"contributors":null,"is_quote_status":false,"retweet_count":0,"favorite_count":0,"entities":{"hashtags":[],"urls":[],"user_mentions":[],"symbols":[],"media":[{"id":810567588707123201,"id_str":"810567588707123201","indices":[115,138],"media_url":"http:\/\/pbs.twimg.com\/media\/cz-27wdvqaewowj.jpg","media_url_https":"https:\/\/pbs.twimg.com\/media\/cz-27wdvqaewowj.jpg","url":"https:\/\/t.co\/r6ap1qlbbd","display_url":"pic.twitter.com\/r6ap1qlbbd","expanded_url":"https:\/\/twitter.com\/umar_hasibuan\/status\/810567602195968000\/photo\/1","type":"photo","sizes":{"small":{"w":680,"h":340,"resize":"fit"},"large":{"w":780,"h":390,"resize":"fit"},"thumb":{"w":150,"h":150,"resize":"crop"},"medium":{"w":780,"h":390,"resize":"fit"}}}]},"extended_entities":{"media":[{"id":810567588707123201,"id_str":"810567588707123201","indices":[115,138],"media_url":"http:\/\/pbs.twimg.com\/media\/cz-27wdvqaewowj.jpg","media_url_https":"https:\/\/pbs.twimg.com\/media\/cz-27wdvqaewowj.jpg","url":"https:\/\/t.co\/r6ap1qlbbd","display_url":"pic.twitter.com\/r6ap1qlbbd","expanded_url":"https:\/\/twitter.com\/umar_hasibuan\/status\/810567602195968000\/photo\/1","type":"photo","sizes":{"small":{"w":680,"h":340,"resize":"fit"},"large":{"w":780,"h":390,"resize":"fit"},"thumb":{"w":150,"h":150,"resize":"crop"},"medium":{"w":780,"h":390,"resize":"fit"}}}]},"favorited":false,"retweeted":false,"possibly_sensitive":false,"filter_level":"low","lang":"in","timestamp_ms":"1482089350638"}

@apixelados me das moderador https:\/\/t.co\/eisfzun8kl ahy esta mi url
rt @yastriciolove20: siempre ahy para vos asi como vos estuviste sin darte cuenta @yasmi_mendeguia nuestro amor es eterno yas
\" ahy est\u00e1 la pendeja que baila con **** \" \ud83d\ude02\ud83d\ude02\ud83d\ude02\ud83d\ude02\ud83d\udc80 cecilia stop !!!!
@eh_lit_elle ahy mais j' ai dit je paye ton transport et ton ticket non :\/ ?","display_text_range":[13,76],"source":"\u003ca href=\"http:\/\/twitter.com\" rel=\"nofollow\"\u003etwitter web client\u003c\/a\u003e","truncated":false,"in_reply_to_status_id":810567451771621377,"in_reply_to_status_id_str":"810567451771621377","in_reply_to_user_id":234905697,"in_reply_to_user_id_str":"234905697","in_reply_to_screen_name":"eh_lit_elle","user":{"id":757170980,"id_str":"757170980","name":"vastolord f\u00e9f\u00e9","screen_name":"ndri_felix","location":"las noches","url":null,"description":"\ud83c\udfca \u00eatre de paix, d'amour et de lumi\u00e8re  \ud83c\udfca","protected":false,"verified":false,"followers_count":2685,"friends_count":997,"listed_count":23,"favourites_count":10934,"statuses_count":71485,"created_at":"tue aug 14 13:36:17 +0000 2012","utc_offset":3600,"time_zone":"amsterdam","geo_enabled":true,"lang":"fr","contributors_enabled":false,"is_translator":false,"profile_background_color":"1a1b1f","profile_background_image_url":"http:\/\/pbs.twimg.com\/profile_background_images\/633037048\/b2hlnzuiys1p4f19sndy.jpeg","profile_background_image_url_https":"https:\/\/pbs.twimg.com\/profile_background_images\/633037048\/b2hlnzuiys1p4f19sndy.jpeg","profile_background_tile":false,"profile_link_color":"2fc2ef","profile_sidebar_border_color":"181a1e","profile_sidebar_fill_color":"252429","profile_text_color":"666666","profile_use_background_image":true,"profile_image_url":"http:\/\/pbs.twimg.com\/profile_images\/809504507264663553\/rhtbeowc_normal.jpg","profile_image_url_https":"https:\/\/pbs.twimg.com\/profile_images\/809504507264663553\/rhtbeowc_normal.jpg","profile_banner_url":"https:\/\/pbs.twimg.com\/profile_banners\/757170980\/1481618323","default_profile":false,"default_profile_image":false,"following":null,"follow_request_sent":null,"notifications":null},"geo":null,"coordinates":null,"place":null,"contributors":null,"is_quote_status":false,"retweet_count":0,"favorite_count":0,"entities":{"hashtags":[],"urls":[],"user_mentions":[{"screen_name":"eh_lit_elle","name":"\u3164","id":234905697,"id_str":"234905697","indices":[0,12]}],"symbols":[]},"favorited":false,"retweeted":false,"filter_level":"low","lang":"fr","timestamp_ms":"1482089468105"}

rt @eliya_mkom: kalau ahy menang satu putaran, tak perlu ada hibah suara lagi.\n50 % plus 1 cukup.\nmaaf kalo duplikat. tadi error so\u2026 
ahy le va. fyi. @hectorbecerrilr jajaja https:\/\/t.co\/3cmjsbtgfn","display_text_range":[0,39],"source":"\u003ca href=\"http:\/\/twitter.com\/download\/android\" rel=\"nofollow\"\u003etwitter for android\u003c\/a\u003e","truncated":false,"in_reply_to_status_id":null,"in_reply_to_status_id_str":null,"in_reply_to_user_id":null,"in_reply_to_user_id_str":null,"in_reply_to_screen_name":null,"user":{"id":200132470,"id_str":"200132470","name":"giancarlo rios","screen_name":"giancarlo_rios","location":"ilo","url":"http:\/\/www.facebook.com","description":"soy una persona altamente adorable.","protected":false,"verified":false,"followers_count":30,"friends_count":371,"listed_count":0,"favourites_count":38,"statuses_count":2692,"created_at":"fri oct 08 14:39:32 +0000 2010","utc_offset":-18000,"time_zone":"america\/lima","geo_enabled":true,"lang":"es","contributors_enabled":false,"is_translator":false,"profile_background_color":"000000","profile_background_image_url":"http:\/\/abs.twimg.com\/images\/themes\/theme14\/bg.gif","profile_background_image_url_https":"https:\/\/abs.twimg.com\/images\/themes\/theme14\/bg.gif","profile_background_tile":false,"profile_link_color":"003300","profile_sidebar_border_color":"000000","profile_sidebar_fill_color":"000000","profile_text_color":"000000","profile_use_background_image":false,"profile_image_url":"http:\/\/pbs.twimg.com\/profile_images\/806506765416300544\/5wsqynyl_normal.jpg","profile_image_url_https":"https:\/\/pbs.twimg.com\/profile_images\/806506765416300544\/5wsqynyl_normal.jpg","profile_banner_url":"https:\/\/pbs.twimg.com\/profile_banners\/200132470\/1468018104","default_profile":false,"default_profile_image":false,"following":null,"follow_request_sent":null,"notifications":null},"geo":null,"coordinates":null,"place":null,"contributors":null,"quoted_status_id":810564338918555649,"quoted_status_id_str":"810564338918555649","quoted_status":{"created_at":"sun dec 18 19:16:12 +0000 2016","id":810564338918555649,"id_str":"810564338918555649"
@yfervazquez @combatearg va a estar #defiestaaaaaa no me lo pierdo ni ahy","display_text_range":[25,73],"source":"\u003ca href=\"http:\/\/twitter.com\/download\/android\" rel=\"nofollow\"\u003etwitter for android\u003c\/a\u003e","truncated":false,"in_reply_to_status_id":810568383947243521,"in_reply_to_status_id_str":"810568383947243521","in_reply_to_user_id":1163807010,"in_reply_to_user_id_str":"1163807010","in_reply_to_screen_name":"yfervazquez","user":{"id":788962115335942144,"id_str":"788962115335942144","name":"ayelen ac","screen_name":"ayelenr99308232","location":"buenos aires ","url":null,"description":"1\ud83d\udc97duarte1-09\/07-10\/1\u2764marama 1-09\/17-11\/1rt ac25-09\/3\u2764vala 2\u2764benrombai 28-10\/28- 10\/1\u2764emi9-11-26-11\/1\u2764pachu 9-11","protected":false,"verified":false,"followers_count":588,"friends_count":1708,"listed_count":8,"favourites_count":13863,"statuses_count":11341,"created_at":"thu oct 20 04:36:41 +0000 2016","utc_offset":null,"time_zone":null,"geo_enabled":false,"lang":"es","contributors_enabled":false,"is_translator":false,"profile_background_color":"000000","profile_background_image_url":"http:\/\/abs.twimg.com\/images\/themes\/theme1\/bg.png","profile_background_image_url_https":"https:\/\/abs.twimg.com\/images\/themes\/theme1\/bg.png","profile_background_tile":false,"profile_link_color":"e81c4f","profile_sidebar_border_color":"000000","profile_sidebar_fill_color":"000000","profile_text_color":"000000","profile_use_background_image":false,"profile_image_url":"http:\/\/pbs.twimg.com\/profile_images\/809891846574997507\/wmilhtqx_normal.jpg","profile_image_url_https":"https:\/\/pbs.twimg.com\/profile_images\/809891846574997507\/wmilhtqx_normal.jpg","profile_banner_url":"https:\/\/pbs.twimg.com\/profile_banners\/788962115335942144\/1481480508","default_profile":false,"default_profile_image":false,"following":null,"follow_request_sent":null,"notifications":null},"geo":null,"coordinates":null,"place":null,"contributors":null,"is_quote_status":false,"retweet_count":0,"favorite_count":0,"entities":{"hashtags":[{"text":"defiestaaaaaa","indices":[36,50]}],"urls":[],"user_mentions":[{"screen_name":"yfervazquez","name":"fer vazquez","id":1163807010,"id_str":"1163807010","indices":[0,12]},{"screen_name":"combatearg","name":"combate - canal 9","id":2434092937,"id_str":"2434092937","indices":[13,24]}],"symbols":[]},"favorited":false,"retweeted":false,"filter_level":"low","lang":"es","timestamp_ms":"1482089680799"}

rt @oyeenterateaqui: haber es un verbo, \"a ver\" es mirar, \"haver\" no existe. \"hay\" es haber, \"ah\u00ed\" es un lugar, \"ay\" es una exclamaci\u00f3n, \"a\u2026
rt @heartless_82: ahy les hablan @l_orocas @antonio11047539 @minivaytor @irenecido @hectorghs @felipeuno21 @fotoeroticamex https:\/\/t.co\/ddc\u2026
rt @yastriciolove20: siempre ahy para vos asi como vos estuviste sin darte cuenta @yasmi_mendeguia nuestro amor es eterno yas
#competitivecontroller ahy agua ese tobillo
#competitivecontroller ahy un ganador m\u00e1s
ahy \u015faka k\u0131yar\u0131m tabiki
w ahy bokra n2ol kant zeakra \ud83d\ude0f
rt @clarissaenrque1: esta es una frase de nuestra querida y hermosa @mhonividente @clubmhonifans .... anotenlo por ahy!!! https:\/\/t.co\/eicd\u2026
@jesvsqv1r0z @bos_tera jajaja con roc\u00edo no ahy comparaci\u00f3n,  mira lo que es esta pendeja un ortassssso","display_text_range":[23,102],"source":"\u003ca href=\"http:\/\/twitter.com\/download\/android\" rel=\"nofollow\"\u003etwitter for android\u003c\/a\u003e","truncated":false,"in_reply_to_status_id":810570270339637249,"in_reply_to_status_id_str":"810570270339637249","in_reply_to_user_id":2278669560,"in_reply_to_user_id_str":"2278669560","in_reply_to_screen_name":"jesvsqv1r0z","user":{"id":784465025574600704,"id_str":"784465025574600704","name":"alan1s\ud83d\udc51","screen_name":"alanisrobledo","location":null,"url":null,"description":null,"protected":false,"verified":false,"followers_count":149,"friends_count":211,"listed_count":0,"favourites_count":127,"statuses_count":613,"created_at":"fri oct 07 18:46:51 +0000 2016","utc_offset":null,"time_zone":null,"geo_enabled":true,"lang":"es","contributors_enabled":false,"is_translator":false,"profile_background_color":"f5f8fa","profile_background_image_url":"","profile_background_image_url_https":"","profile_background_tile":false,"profile_link_color":"1da1f2","profile_sidebar_border_color":"c0deed","profile_sidebar_fill_color":"ddeef6","profile_text_color":"333333","profile_use_background_image":true,"profile_image_url":"http:\/\/pbs.twimg.com\/profile_images\/803332817979670528\/h2nx5tte_normal.jpg","profile_image_url_https":"https:\/\/pbs.twimg.com\/profile_images\/803332817979670528\/h2nx5tte_normal.jpg","profile_banner_url":"https:\/\/pbs.twimg.com\/profile_banners\/784465025574600704\/1477417978","default_profile":true,"default_profile_image":false,"following":null,"follow_request_sent":null,"notifications":null},"geo":null,"coordinates":null,"place":null,"contributors":null,"is_quote_status":false,"retweet_count":0,"favorite_count":0,"entities":{"hashtags":[],"urls":[],"user_mentions":[{"screen_name":"jesvsqv1r0z","name":"$pussy killer$","id":2278669560,"id_str":"2278669560","indices":[0,12]},{"screen_name":"bos_tera","name":"rocio","id":1183466857,"id_str":"1183466857","indices":[13,22]}],"symbols":[]},"favorited":false,"retweeted":false,"filter_level":"low","lang":"es","timestamp_ms":"1482090063773"}

@tomas_agustiin h\u00e1blame por privado o llamame  a mi celular ahy mucha polic\u00eda!","display_text_range":[16,78],"source":"\u003ca href=\"http:\/\/twitter.com\/download\/android\" rel=\"nofollow\"\u003etwitter for android\u003c\/a\u003e","truncated":false,"in_reply_to_status_id":810547456568131584,"in_reply_to_status_id_str":"810547456568131584","in_reply_to_user_id":783363620,"in_reply_to_user_id_str":"783363620","in_reply_to_screen_name":"tomas_agustiin","user":{"id":435413402,"id_str":"435413402","name":"dario gonzalez \u00ae","screen_name":"dariioogonzalez","location":"en tu \u2665 y en tus sentimientos","url":null,"description":"\ufe3b\u2566\u2566\u2567\u2500 \u2665el que abandona,no tiene premio\u2665. \u266b\ufe3b\u2566\u2566\u2567\u2500","protected":false,"verified":false,"followers_count":236,"friends_count":48,"listed_count":0,"favourites_count":2717,"statuses_count":10017,"created_at":"tue dec 13 01:27:55 +0000 2011","utc_offset":-7200,"time_zone":"brasilia","geo_enabled":false,"lang":"es","contributors_enabled":false,"is_translator":false,"profile_background_color":"0b1cd4","profile_background_image_url":"http:\/\/pbs.twimg.com\/profile_background_images\/453022321653972992\/gjchp-f8.jpeg","profile_background_image_url_https":"https:\/\/pbs.twimg.com\/profile_background_images\/453022321653972992\/gjchp-f8.jpeg","profile_background_tile":true,"profile_link_color":"3b94d9","profile_sidebar_border_color":"000000","profile_sidebar_fill_color":"78c0a8","profile_text_color":"5e412f","profile_use_background_image":true,"profile_image_url":"http:\/\/pbs.twimg.com\/profile_images\/769584107122790404\/gjuflpvs_normal.jpg","profile_image_url_https":"https:\/\/pbs.twimg.com\/profile_images\/769584107122790404\/gjuflpvs_normal.jpg","profile_banner_url":"https:\/\/pbs.twimg.com\/profile_banners\/435413402\/1471096984","default_profile":false,"default_profile_image":false,"following":null,"follow_request_sent":null,"notifications":null},"geo":null,"coordinates":null,"place":null,"contributors":null,"is_quote_status":false,"retweet_count":0,"favorite_count":0,"entities":{"hashtags":[],"urls":[],"user_mentions":[{"screen_name":"tomas_agustiin","name":"tomate \ud83c\udf45.","id":783363620,"id_str":"783363620","indices":[0,15]}],"symbols":[]},"favorited":false,"retweeted":false,"filter_level":"low","lang":"es","timestamp_ms":"1482090128216"}

no hay malos amigos ahy amigos ke tratan de ayudarte pero no lo entiendes
rt @halojakarta: wihhh contekan ahy gede banget yah\n\npantes debat mlipir https:\/\/t.co\/ddz3nzepun
hoy le\u00ed un letrero que lo que daban ganas era de llorar dec\u00eda:\n\ncuidado ahy.\nahy no existe ah\u00ed si.
@alfonso_diaz31 de tegus pero viajo a cada rato  ahy","display_text_range":[16,52],"source":"\u003ca href=\"http:\/\/twitter.com\/download\/android\" rel=\"nofollow\"\u003etwitter for android\u003c\/a\u003e","truncated":false,"in_reply_to_status_id":601035871878393857,"in_reply_to_status_id_str":"601035871878393857","in_reply_to_user_id":247578760,"in_reply_to_user_id_str":"247578760","in_reply_to_screen_name":"alfonso_diaz31","user":{"id":2541296590,"id_str":"2541296590","name":"djnacho fullmix","screen_name":"djnacho_fullmix","location":"honduras","url":null,"description":"spy dj y  el mejor","protected":false,"verified":false,"followers_count":17,"friends_count":157,"listed_count":0,"favourites_count":19,"statuses_count":14,"created_at":"sun may 11 16:41:15 +0000 2014","utc_offset":-28800,"time_zone":"pacific time (us & canada)","geo_enabled":false,"lang":"es","contributors_enabled":false,"is_translator":false,"profile_background_color":"000000","profile_background_image_url":"http:\/\/abs.twimg.com\/images\/themes\/theme1\/bg.png","profile_background_image_url_https":"https:\/\/abs.twimg.com\/images\/themes\/theme1\/bg.png","profile_background_tile":false,"profile_link_color":"3b94d9","profile_sidebar_border_color":"000000","profile_sidebar_fill_color":"000000","profile_text_color":"000000","profile_use_background_image":false,"profile_image_url":"http:\/\/pbs.twimg.com\/profile_images\/599613128783974400\/zsy5ma8m_normal.jpg","profile_image_url_https":"https:\/\/pbs.twimg.com\/profile_images\/599613128783974400\/zsy5ma8m_normal.jpg","profile_banner_url":"https:\/\/pbs.twimg.com\/profile_banners\/2541296590\/1431793700","default_profile":false,"default_profile_image":false,"following":null,"follow_request_sent":null,"notifications":null},"geo":null,"coordinates":null,"place":null,"contributors":null,"is_quote_status":false,"retweet_count":0,"favorite_count":0,"entities":{"hashtags":[],"urls":[],"user_mentions":[{"screen_name":"alfonso_diaz31","name":"alphonso erkekjetter","id":247578760,"id_str":"247578760","indices":[0,15]}],"symbols":[]},"favorited":false,"retweeted":false,"filter_level":"low","lang":"es","timestamp_ms":"1482090425220"}

@dominicana_10 deja es hermoso deja disfrutar d esa hermosura d cosota k tienes miel a d salir d ahy sabrosisima rikisima esta hermosa","display_text_range":[15,134],"source":"\u003ca href=\"http:\/\/twitter.com\/download\/android\" rel=\"nofollow\"\u003etwitter for android\u003c\/a\u003e","truncated":false,"in_reply_to_status_id":810291930210926592,"in_reply_to_status_id_str":"810291930210926592","in_reply_to_user_id":764955975589699584,"in_reply_to_user_id_str":"764955975589699584","in_reply_to_screen_name":"dominicana_10","user":{"id":782410355540492288,"id_str":"782410355540492288","name":"arturo vazquez","screen_name":"arturov02763327","location":null,"url":null,"description":null,"protected":false,"verified":false,"followers_count":12,"friends_count":121,"listed_count":0,"favourites_count":1004,"statuses_count":58,"created_at":"sun oct 02 02:42:20 +0000 2016","utc_offset":null,"time_zone":null,"geo_enabled":false,"lang":"es","contributors_enabled":false,"is_translator":false,"profile_background_color":"f5f8fa","profile_background_image_url":"","profile_background_image_url_https":"","profile_background_tile":false,"profile_link_color":"1da1f2","profile_sidebar_border_color":"c0deed","profile_sidebar_fill_color":"ddeef6","profile_text_color":"333333","profile_use_background_image":true,"profile_image_url":"http:\/\/abs.twimg.com\/sticky\/default_profile_images\/default_profile_1_normal.png","profile_image_url_https":"https:\/\/abs.twimg.com\/sticky\/default_profile_images\/default_profile_1_normal.png","default_profile":true,"default_profile_image":true,"following":null,"follow_request_sent":null,"notifications":null},"geo":null,"coordinates":null,"place":null,"contributors":null,"is_quote_status":false,"retweet_count":0,"favorite_count":0,"entities":{"hashtags":[],"urls":[],"user_mentions":[{"screen_name":"dominicana_10","name":"negro_dominicanoact","id":764955975589699584,"id_str":"764955975589699584","indices":[0,14]}],"symbols":[]},"favorited":false,"retweeted":false,"filter_level":"low","lang":"es","timestamp_ms":"1482090458563"}

@jinniadesrylle ahy usap tayo sa personal. yung mga bagay na ganyan. hahahaha \ud83d\ude02","display_text_range":[16,79],"source":"\u003ca href=\"http:\/\/twitter.com\/download\/iphone\" rel=\"nofollow\"\u003etwitter for iphone\u003c\/a\u003e","truncated":false,"in_reply_to_status_id":810423368084131840,"in_reply_to_status_id_str":"810423368084131840","in_reply_to_user_id":2443195442,"in_reply_to_user_id_str":"2443195442","in_reply_to_screen_name":"jinniadesrylle","user":{"id":728389602789064704,"id_str":"728389602789064704","name":"kg flxmn","screen_name":"itsnicholesy","location":"adhara \u2708\ufe0f","url":null,"description":"14 \u2728 11\u202218\u202202 \u2b50\ufe0fig: nicknicknichole \ud83d\udc95 kg flxmn \ud83d\udc96","protected":false,"verified":false,"followers_count":224,"friends_count":800,"listed_count":0,"favourites_count":2162,"statuses_count":1763,"created_at":"fri may 06 01:03:08 +0000 2016","utc_offset":null,"time_zone":null,"geo_enabled":true,"lang":"en","contributors_enabled":false,"is_translator":false,"profile_background_color":"f5f8fa","profile_background_image_url":"","profile_background_image_url_https":"","profile_background_tile":false,"profile_link_color":"1da1f2","profile_sidebar_border_color":"c0deed","profile_sidebar_fill_color":"ddeef6","profile_text_color":"333333","profile_use_background_image":true,"profile_image_url":"http:\/\/pbs.twimg.com\/profile_images\/810214982994378754\/ljsymdvw_normal.jpg","profile_image_url_https":"https:\/\/pbs.twimg.com\/profile_images\/810214982994378754\/ljsymdvw_normal.jpg","profile_banner_url":"https:\/\/pbs.twimg.com\/profile_banners\/728389602789064704\/1481975892","default_profile":true,"default_profile_image":false,"following":null,"follow_request_sent":null,"notifications":null},"geo":null,"coordinates":null,"place":null,"contributors":null,"is_quote_status":false,"retweet_count":0,"favorite_count":0,"entities":{"hashtags":[],"urls":[],"user_mentions":[{"screen_name":"jinniadesrylle","name":"jinnia","id":2443195442,"id_str":"2443195442","indices":[0,15]}],"symbols":[]},"favorited":false,"retweeted":false,"filter_level":"low","lang":"tl","timestamp_ms":"1482090506281"}

rt @yastriciolove20: siempre ahy para vos asi como vos estuviste sin darte cuenta @yasmi_mendeguia nuestro amor es eterno yas
rt @clarissaenrque1: esta es una frase de nuestra querida y hermosa @mhonividente @clubmhonifans .... anotenlo por ahy!!! https:\/\/t.co\/eicd\u2026
loco no ahy nadie en nel whatsapp que aburrido \ud83d\ude24\ud83d\ude24\ud83d\ude24
rt @dullahkamari: aku butuh bukti ! @agusyudhoyono @sbyudhoyono  https:\/\/t.co\/mweaxvhyyu
rt @prasetya_noy: mengajak tanpa tipu daya, #kamiahy percaya @agusyudhoyono dan @sylviana_murni  @ayojakarta2017 @ahycenter https:\/\/t.co\/hz\u2026
rt @jakmaniaontweet: terima kasih juga pada pak @agusyudhoyono yang sudah memberikan karangan bunga untuk jakmania #sajete #b19family https\u2026
rt @agusfansclub_: dari muara baru bergeser ke waduk pluit. inilah gerilya mas @agusyudhoyono sore ini.\n#agussylviuntukrakyat https:\/\/t.co\/\u2026
sekarang nantinya gemana????? https:\/\/t.co\/goph1yuucv","display_text_range":[0,29],"source":"\u003ca href=\"http:\/\/twitter.com\" rel=\"nofollow\"\u003etwitter web client\u003c\/a\u003e","truncated":false,"in_reply_to_status_id":null,"in_reply_to_status_id_str":null,"in_reply_to_user_id":null,"in_reply_to_user_id_str":null,"in_reply_to_screen_name":null,"user":{"id":248752857,"id_str":"248752857","name":"agung","screen_name":"agungcaboh","location":"jakarta","url":null,"description":"jadi jadi","protected":false,"verified":false,"followers_count":15,"friends_count":20,"listed_count":0,"favourites_count":42,"statuses_count":160,"created_at":"mon feb 07 17:10:22 +0000 2011","utc_offset":null,"time_zone":null,"geo_enabled":false,"lang":"en","contributors_enabled":false,"is_translator":false,"profile_background_color":"c0deed","profile_background_image_url":"http:\/\/abs.twimg.com\/images\/themes\/theme1\/bg.png","profile_background_image_url_https":"https:\/\/abs.twimg.com\/images\/themes\/theme1\/bg.png","profile_background_tile":false,"profile_link_color":"1da1f2","profile_sidebar_border_color":"c0deed","profile_sidebar_fill_color":"ddeef6","profile_text_color":"333333","profile_use_background_image":true,"profile_image_url":"http:\/\/pbs.twimg.com\/profile_images\/795248390913167364\/1tjhwjlc_normal.jpg","profile_image_url_https":"https:\/\/pbs.twimg.com\/profile_images\/795248390913167364\/1tjhwjlc_normal.jpg","default_profile":true,"default_profile_image":false,"following":null,"follow_request_sent":null,"notifications":null},"geo":null,"coordinates":null,"place":null,"contributors":null,"quoted_status_id":810761972874674176,"quoted_status_id_str":"810761972874674176","quoted_status":{"created_at":"mon dec 19 08:21:32 +0000 2016","id":810761972874674176,"id_str":"810761972874674176"
rt @prillybie: terima kasih juga mas @agusyudhoyono dan keluarga audah datang nonton. semoga terhibur
rt @jakmaniaontweet: terima kasih juga pada pak @agusyudhoyono yang sudah memberikan karangan bunga untuk jakmania #sajete #b19family https\u2026
rt @ajengcute16: rekan2 @agusfansclub_ @macan_utara siap mendampingin pak @agusyudhoyono di muara baru #agussylviuntukrakyat https:\/\/t.co\/t\u2026
alay jir, dabsnya salah lagi hufft\n\ncancel it now https:\/\/t.co\/bixslnfiwb","display_text_range":[0,49],"source":"\u003ca href=\"http:\/\/twitter.com\/download\/iphone\" rel=\"nofollow\"\u003etwitter for iphone\u003c\/a\u003e","truncated":false,"in_reply_to_status_id":null,"in_reply_to_status_id_str":null,"in_reply_to_user_id":null,"in_reply_to_user_id_str":null,"in_reply_to_screen_name":null,"user":{"id":138727124,"id_str":"138727124","name":"mrcia\ud83e\udd18\ud83c\udffb","screen_name":"acarin03","location":"indonesia","url":null,"description":"your introvert friend who love to explore the world. random tweets with purpose lol. proud hufflepuff \ud83d\udcaa\ud83c\udffb\ud83c\udf0f\ud83d\udc95\ud83d\udc95","protected":false,"verified":false,"followers_count":645,"friends_count":502,"listed_count":32,"favourites_count":4596,"statuses_count":57063,"created_at":"fri apr 30 12:01:20 +0000 2010","utc_offset":25200,"time_zone":"jakarta","geo_enabled":true,"lang":"en","contributors_enabled":false,"is_translator":false,"profile_background_color":"000000","profile_background_image_url":"http:\/\/pbs.twimg.com\/profile_background_images\/556464256237830146\/dkozs9k5.jpeg","profile_background_image_url_https":"https:\/\/pbs.twimg.com\/profile_background_images\/556464256237830146\/dkozs9k5.jpeg","profile_background_tile":true,"profile_link_color":"624bf0","profile_sidebar_border_color":"ffffff","profile_sidebar_fill_color":"ccedff","profile_text_color":"d973f5","profile_use_background_image":true,"profile_image_url":"http:\/\/pbs.twimg.com\/profile_images\/804611772485234688\/y0owwfk6_normal.jpg","profile_image_url_https":"https:\/\/pbs.twimg.com\/profile_images\/804611772485234688\/y0owwfk6_normal.jpg","profile_banner_url":"https:\/\/pbs.twimg.com\/profile_banners\/138727124\/1469818135","default_profile":false,"default_profile_image":false,"following":null,"follow_request_sent":null,"notifications":null},"geo":null,"coordinates":null,"place":null,"contributors":null,"quoted_status_id":810142573813579778,"quoted_status_id_str":"810142573813579778","quoted_status":{"created_at":"sat dec 17 15:20:15 +0000 2016","id":810142573813579778,"id_str":"810142573813579778"
rt @jakmaniaontweet: terima kasih juga pada pak @agusyudhoyono yang sudah memberikan karangan bunga untuk jakmania #sajete #b19family https\u2026
rt @kegembok: tenang @agusyudhoyono ada pepo beye.. @natalsetio @hariadhi @fariz1234 @takviri https:\/\/t.co\/3gnc6cefjo
rt @ajengcute16: siang twips rekan kami @macan_utara dari @agusfansclub_ melaporkan lsung gerilya lapangan @agusyudhoyono dari tembo\u2026 
rt @agusfansclub_: reportase live dari tim kami bang @macan_utara. inilah penyambutan mas @agusyudhoyono di tembok bolong muara baru.\u2026 
rt @prillybie: terima kasih juga mas @agusyudhoyono dan keluarga audah datang nonton. semoga terhibur
rt @agusfansclub_: selamat datang mas @agusyudhoyono  di muara baru penjaringan jakarta utara.\n\n#agussylviuntukrakyat https:\/\/t.co\/rmt5fp2g\u2026
rt @jakmaniaontweet: terima kasih juga pada pak @agusyudhoyono yang sudah memberikan karangan bunga untuk jakmania #sajete #b19family https\u2026
kok biru haha https:\/\/t.co\/6guyren784","display_text_range":[0,13],"source":"\u003ca href=\"http:\/\/twitter.com\/download\/android\" rel=\"nofollow\"\u003etwitter for android\u003c\/a\u003e","truncated":false,"in_reply_to_status_id":null,"in_reply_to_status_id_str":null,"in_reply_to_user_id":null,"in_reply_to_user_id_str":null,"in_reply_to_screen_name":null,"user":{"id":749829839830396928,"id_str":"749829839830396928","name":"ferli angga","screen_name":"ferliangga1928","location":"klaten","url":null,"description":"gue persija","protected":false,"verified":false,"followers_count":21,"friends_count":106,"listed_count":0,"favourites_count":4228,"statuses_count":110,"created_at":"mon jul 04 04:58:59 +0000 2016","utc_offset":null,"time_zone":null,"geo_enabled":false,"lang":"id","contributors_enabled":false,"is_translator":false,"profile_background_color":"f5f8fa","profile_background_image_url":"","profile_background_image_url_https":"","profile_background_tile":false,"profile_link_color":"1da1f2","profile_sidebar_border_color":"c0deed","profile_sidebar_fill_color":"ddeef6","profile_text_color":"333333","profile_use_background_image":true,"profile_image_url":"http:\/\/pbs.twimg.com\/profile_images\/753435461658349568\/cbs2y4ld_normal.jpg","profile_image_url_https":"https:\/\/pbs.twimg.com\/profile_images\/753435461658349568\/cbs2y4ld_normal.jpg","profile_banner_url":"https:\/\/pbs.twimg.com\/profile_banners\/749829839830396928\/1468467985","default_profile":true,"default_profile_image":false,"following":null,"follow_request_sent":null,"notifications":null},"geo":null,"coordinates":null,"place":null,"contributors":null,"quoted_status_id":810756912090230784,"quoted_status_id_str":"810756912090230784","quoted_status":{"created_at":"mon dec 19 08:01:25 +0000 2016","id":810756912090230784,"id_str":"810756912090230784"
rt @agusfansclub_: selamat datang mas @agusyudhoyono  di muara baru penjaringan jakarta utara.\n\n#agussylviuntukrakyat https:\/\/t.co\/rmt5fp2g\u2026
@kangdede78 @agusyudhoyono @rais_banten @hcahyono @do2is @jakartastar @mzubir_id @masbedjo, betul daripada memalukan jadi beban bg timses.","display_text_range":[90,138],"source":"\u003ca href=\"http:\/\/twitter.com\/download\/android\" rel=\"nofollow\"\u003etwitter for android\u003c\/a\u003e","truncated":false,"in_reply_to_status_id":810703153456881670,"in_reply_to_status_id_str":"810703153456881670","in_reply_to_user_id":235931838,"in_reply_to_user_id_str":"235931838","in_reply_to_screen_name":"kangdede78","user":{"id":2373656076,"id_str":"2373656076","name":"#jokowitakutfpi","screen_name":"ulilalbab_hs","location":null,"url":null,"description":"buruh harian mencari yang halal dan mengais keridhoan ilahi rabby, gak suka diskusi yang njlimet dan menguras emosi.","protected":false,"verified":false,"followers_count":1064,"friends_count":568,"listed_count":11,"favourites_count":15518,"statuses_count":49938,"created_at":"wed mar 05 12:13:01 +0000 2014","utc_offset":null,"time_zone":null,"geo_enabled":true,"lang":"id","contributors_enabled":false,"is_translator":false,"profile_background_color":"c0deed","profile_background_image_url":"http:\/\/abs.twimg.com\/images\/themes\/theme1\/bg.png","profile_background_image_url_https":"https:\/\/abs.twimg.com\/images\/themes\/theme1\/bg.png","profile_background_tile":false,"profile_link_color":"1da1f2","profile_sidebar_border_color":"c0deed","profile_sidebar_fill_color":"ddeef6","profile_text_color":"333333","profile_use_background_image":true,"profile_image_url":"http:\/\/pbs.twimg.com\/profile_images\/804261466203226114\/mgrukvy2_normal.jpg","profile_image_url_https":"https:\/\/pbs.twimg.com\/profile_images\/804261466203226114\/mgrukvy2_normal.jpg","profile_banner_url":"https:\/\/pbs.twimg.com\/profile_banners\/2373656076\/1462702939","default_profile":true,"default_profile_image":false,"following":null,"follow_request_sent":null,"notifications":null},"geo":null,"coordinates":null,"place":null,"contributors":null,"is_quote_status":false,"retweet_count":0,"favorite_count":0,"entities":{"hashtags":[],"urls":[],"user_mentions":[{"screen_name":"kangdede78","name":"#salam2jari\u270c","id":235931838,"id_str":"235931838","indices":[0,11]},{"screen_name":"agusyudhoyono","name":"agus yudhoyono","id":842986784,"id_str":"842986784","indices":[12,26]},{"screen_name":"rais_banten","name":"r415 fni #lovenkri","id":2769217202,"id_str":"2769217202","indices":[27,39]},{"screen_name":"hcahyono","name":"heru cahyono","id":43563308,"id_str":"43563308","indices":[40,49]},{"screen_name":"do2is","name":"p!nk","id":1134382220,"id_str":"1134382220","indices":[50,56]},{"screen_name":"jakartastar","name":"j\u0336a\u0336k\u0336s\u0336t\u0336a\u0336r\u0336 \u270c","id":36042037,"id_str":"36042037","indices":[57,69]},{"screen_name":"mzubir_id","name":"m. zubir","id":1496032758,"id_str":"1496032758","indices":[70,80]},{"screen_name":"masbedjo","name":"iam ith\u2b50\u2b50","id":52853932,"id_str":"52853932","indices":[81,90]}],"symbols":[]},"favorited":false,"retweeted":false,"filter_level":"low","lang":"in","timestamp_ms":"1482139761675"}

@polling_pilkada @agusyudhoyono @basuki_btp @aniesbaswedan aniesbaswedan","display_text_range":[59,72],"source":"\u003ca href=\"http:\/\/twitter.com\/download\/android\" rel=\"nofollow\"\u003etwitter for android\u003c\/a\u003e","truncated":false,"in_reply_to_status_id":808582631860277249,"in_reply_to_status_id_str":"808582631860277249","in_reply_to_user_id":803785242985123840,"in_reply_to_user_id_str":"803785242985123840","in_reply_to_screen_name":"polling_pilkada","user":{"id":808561809506451456,"id_str":"808561809506451456","name":"superelang","screen_name":"superelang22","location":null,"url":null,"description":null,"protected":false,"verified":false,"followers_count":0,"friends_count":0,"listed_count":0,"favourites_count":0,"statuses_count":6,"created_at":"tue dec 13 06:38:52 +0000 2016","utc_offset":null,"time_zone":null,"geo_enabled":false,"lang":"id","contributors_enabled":false,"is_translator":false,"profile_background_color":"f5f8fa","profile_background_image_url":"","profile_background_image_url_https":"","profile_background_tile":false,"profile_link_color":"1da1f2","profile_sidebar_border_color":"c0deed","profile_sidebar_fill_color":"ddeef6","profile_text_color":"333333","profile_use_background_image":true,"profile_image_url":"http:\/\/abs.twimg.com\/sticky\/default_profile_images\/default_profile_1_normal.png","profile_image_url_https":"https:\/\/abs.twimg.com\/sticky\/default_profile_images\/default_profile_1_normal.png","default_profile":true,"default_profile_image":true,"following":null,"follow_request_sent":null,"notifications":null},"geo":null,"coordinates":null,"place":null,"contributors":null,"is_quote_status":false,"retweet_count":0,"favorite_count":0,"entities":{"hashtags":[],"urls":[],"user_mentions":[{"screen_name":"polling_pilkada","name":"polling pilkada dki","id":803785242985123840,"id_str":"803785242985123840","indices":[0,16]},{"screen_name":"agusyudhoyono","name":"agus yudhoyono","id":842986784,"id_str":"842986784","indices":[17,31]},{"screen_name":"basuki_btp","name":"ahok basuki tpurnama","id":115286138,"id_str":"115286138","indices":[32,43]},{"screen_name":"aniesbaswedan","name":"anies baswedan","id":110312278,"id_str":"110312278","indices":[44,58]}],"symbols":[]},"favorited":false,"retweeted":false,"filter_level":"low","lang":"tl","timestamp_ms":"1482139777320"}

sandiaga senang didukung bidadari @basuki_btp @aniesbaswedan @agusyudhoyono @sandiuno @kpu_dki @bawaslu\u2026 https:\/\/t.co\/rc6ef9hscb
rt @prillybie: terima kasih juga mas @agusyudhoyono dan keluarga audah datang nonton. semoga terhibur
rt @chicohakim: dinda @agusyudhoyono ,dari foto ini sepertinya fpi adl pendukung anda &amp; si buron adl bagian dari itu. ada tanggapan? https:\u2026
rt @chicohakim: dinda @agusyudhoyono ,dari foto ini sepertinya fpi adl pendukung anda &amp; si buron adl bagian dari itu. ada tanggapan? https:\u2026
rt @chicohakim: dik @agusyudhoyono apakah anda didukung fpi? dukungan dari ormas resmi kan sah. kalau bukan ormasnya, apakah @syihabrizieq\u2026
@rakyatj87169522 @chicohakim @ulinyusron @agusyudhoyono wkwkwkwk ..., kebakaran jenggot yaaa","display_text_range":[56,92],"source":"\u003ca href=\"http:\/\/twitter.com\/download\/iphone\" rel=\"nofollow\"\u003etwitter for iphone\u003c\/a\u003e","truncated":false,"in_reply_to_status_id":810746527245168640,"in_reply_to_status_id_str":"810746527245168640","in_reply_to_user_id":791989244273106944,"in_reply_to_user_id_str":"791989244273106944","in_reply_to_screen_name":"rakyatj87169522","user":{"id":146752130,"id_str":"146752130","name":"delta oscar","screen_name":"dargo_ok","location":"medan,indonesia","url":null,"description":"... @medan","protected":false,"verified":false,"followers_count":55,"friends_count":453,"listed_count":0,"favourites_count":1368,"statuses_count":2684,"created_at":"sat may 22 07:12:16 +0000 2010","utc_offset":25200,"time_zone":"jakarta","geo_enabled":true,"lang":"en","contributors_enabled":false,"is_translator":false,"profile_background_color":"acded6","profile_background_image_url":"http:\/\/abs.twimg.com\/images\/themes\/theme18\/bg.gif","profile_background_image_url_https":"https:\/\/abs.twimg.com\/images\/themes\/theme18\/bg.gif","profile_background_tile":false,"profile_link_color":"038543","profile_sidebar_border_color":"eeeeee","profile_sidebar_fill_color":"f6f6f6","profile_text_color":"333333","profile_use_background_image":true,"profile_image_url":"http:\/\/pbs.twimg.com\/profile_images\/455320969691680768\/dzbrdidh_normal.jpeg","profile_image_url_https":"https:\/\/pbs.twimg.com\/profile_images\/455320969691680768\/dzbrdidh_normal.jpeg","default_profile":false,"default_profile_image":false,"following":null,"follow_request_sent":null,"notifications":null},"geo":null,"coordinates":null,"place":null,"contributors":null,"is_quote_status":false,"retweet_count":0,"favorite_count":0,"entities":{"hashtags":[],"urls":[],"user_mentions":[{"screen_name":"rakyatj87169522","name":"suararakyat","id":791989244273106944,"id_str":"791989244273106944","indices":[0,16]},{"screen_name":"chicohakim","name":"cyril raoul hakim","id":53922892,"id_str":"53922892","indices":[17,28]},{"screen_name":"ulinyusron","name":"ig: ulinyusron","id":49889849,"id_str":"49889849","indices":[29,40]},{"screen_name":"agusyudhoyono","name":"agus yudhoyono","id":842986784,"id_str":"842986784","indices":[41,55]}],"symbols":[]},"favorited":false,"retweeted":false,"filter_level":"low","lang":"in","timestamp_ms":"1482139911060"}

@adibagaspe @agusyudhoyono mas'e ndak pernah belajar bikin beginian ya mas. pantes. saya maklum kok \ud83d\ude18","display_text_range":[27,101],"source":"\u003ca href=\"http:\/\/twitter.com\/download\/iphone\" rel=\"nofollow\"\u003etwitter for iphone\u003c\/a\u003e","truncated":false,"in_reply_to_status_id":810775192901328896,"in_reply_to_status_id_str":"810775192901328896","in_reply_to_user_id":799909331642806272,"in_reply_to_user_id_str":"799909331642806272","in_reply_to_screen_name":"adibagaspe","user":{"id":789805995232944128,"id_str":"789805995232944128","name":"m a y a \u270c\ud83c\udffb\ufe0f","screen_name":"maya___link","location":"jakarta pusat, dki jakarta","url":null,"description":"some ppl are going to reject u, simply because u shine too bright for them. and that's okay. keep shining \ud83d\udcab #tetapahok #pilihahok #kamiahok #bigfans @digembok","protected":false,"verified":false,"followers_count":88,"friends_count":218,"listed_count":0,"favourites_count":1358,"statuses_count":5364,"created_at":"sat oct 22 12:29:57 +0000 2016","utc_offset":null,"time_zone":null,"geo_enabled":false,"lang":"en","contributors_enabled":false,"is_translator":false,"profile_background_color":"f5f8fa","profile_background_image_url":"","profile_background_image_url_https":"","profile_background_tile":false,"profile_link_color":"1da1f2","profile_sidebar_border_color":"c0deed","profile_sidebar_fill_color":"ddeef6","profile_text_color":"333333","profile_use_background_image":true,"profile_image_url":"http:\/\/pbs.twimg.com\/profile_images\/797364352818946048\/xykkj-uu_normal.jpg","profile_image_url_https":"https:\/\/pbs.twimg.com\/profile_images\/797364352818946048\/xykkj-uu_normal.jpg","profile_banner_url":"https:\/\/pbs.twimg.com\/profile_banners\/789805995232944128\/1481988305","default_profile":true,"default_profile_image":false,"following":null,"follow_request_sent":null,"notifications":null},"geo":null,"coordinates":null,"place":null,"contributors":null,"is_quote_status":false,"retweet_count":0,"favorite_count":0,"entities":{"hashtags":[],"urls":[],"user_mentions":[{"screen_name":"adibagaspe","name":"adi bagas permana","id":799909331642806272,"id_str":"799909331642806272","indices":[0,11]},{"screen_name":"agusyudhoyono","name":"agus yudhoyono","id":842986784,"id_str":"842986784","indices":[12,26]}],"symbols":[]},"favorited":false,"retweeted":false,"filter_level":"low","lang":"in","timestamp_ms":"1482139917323"}

ini pun tdk dapat di tonton, mas @agusyudhoyono @sohibahy @agusfansclub_ @agusdansylvi @karib_ahy @sahabat_agusydh\u2026 https:\/\/t.co\/pi1ahrivww","display_text_range":[0,140],"source":"\u003ca href=\"http:\/\/twitter.com\/download\/android\" rel=\"nofollow\"\u003etwitter for android\u003c\/a\u003e","truncated":true,"in_reply_to_status_id":null,"in_reply_to_status_id_str":null,"in_reply_to_user_id":null,"in_reply_to_user_id_str":null,"in_reply_to_screen_name":null,"user":{"id":1032506965,"id_str":"1032506965","name":"shandy anggara _7979","screen_name":"shandy_7979","location":"pontianak","url":null,"description":"kalau ada yang bertanya, saya adalah orang kebenaran","protected":false,"verified":false,"followers_count":284,"friends_count":362,"listed_count":7,"favourites_count":7514,"statuses_count":12472,"created_at":"mon dec 24 11:41:48 +0000 2012","utc_offset":25200,"time_zone":"jakarta","geo_enabled":true,"lang":"id","contributors_enabled":false,"is_translator":false,"profile_background_color":"000000","profile_background_image_url":"http:\/\/abs.twimg.com\/images\/themes\/theme10\/bg.gif","profile_background_image_url_https":"https:\/\/abs.twimg.com\/images\/themes\/theme10\/bg.gif","profile_background_tile":false,"profile_link_color":"4a913c","profile_sidebar_border_color":"000000","profile_sidebar_fill_color":"000000","profile_text_color":"000000","profile_use_background_image":false,"profile_image_url":"http:\/\/pbs.twimg.com\/profile_images\/787464293176324096\/_-gwiqt4_normal.jpg","profile_image_url_https":"https:\/\/pbs.twimg.com\/profile_images\/787464293176324096\/_-gwiqt4_normal.jpg","profile_banner_url":"https:\/\/pbs.twimg.com\/profile_banners\/1032506965\/1476581091","default_profile":false,"default_profile_image":false,"following":null,"follow_request_sent":null,"notifications":null},"geo":null,"coordinates":null,"place":null,"contributors":null,"is_quote_status":false,"extended_tweet":{"full_text":"ini pun tdk dapat di tonton, mas @agusyudhoyono @sohibahy @agusfansclub_ @agusdansylvi @karib_ahy @sahabat_agusydh @agus_sylviadki1 @abaaah https:\/\/t.co\/v3mgnvh2t3","display_text_range":[0,139],"entities":{"hashtags":[],"urls":[],"user_mentions":[{"screen_name":"agusyudhoyono","name":"agus yudhoyono","id":842986784,"id_str":"842986784","indices":[33,47]},{"screen_name":"sohibahy","name":"sohib agus yudhoyono","id":945035406,"id_str":"945035406","indices":[48,57]},{"screen_name":"agusfansclub_","name":"agusfansclub #afc","id":2857786466,"id_str":"2857786466","indices":[58,72]},{"screen_name":"agusdansylvi","name":"agus dan sylvi","id":784051163700142080,"id_str":"784051163700142080","indices":[73,86]},{"screen_name":"karib_ahy","name":"karib agus","id":780988158389415936,"id_str":"780988158389415936","indices":[87,97]},{"screen_name":"sahabat_agusydh","name":"sahabatagusyudhoyono","id":779185642790002689,"id_str":"779185642790002689","indices":[98,114]},{"screen_name":"agus_sylviadki1","name":"agus_sylviadki1","id":779735217007316992,"id_str":"779735217007316992","indices":[115,131]},{"screen_name":"abaaah","name":"abah","id":44295605,"id_str":"44295605","indices":[132,139]}],"symbols":[],"media":[{"id":810779797437587456,"id_str":"810779797437587456","indices":[140,163],"media_url":"http:\/\/pbs.twimg.com\/media\/c0b37hluoaay2ie.jpg","media_url_https":"https:\/\/pbs.twimg.com\/media\/c0b37hluoaay2ie.jpg","url":"https:\/\/t.co\/v3mgnvh2t3","display_url":"pic.twitter.com\/v3mgnvh2t3","expanded_url":"https:\/\/twitter.com\/shandy_7979\/status\/810779823094185984\/photo\/1","type":"photo","sizes":{"thumb":{"w":150,"h":150,"resize":"crop"},"small":{"w":383,"h":680,"resize":"fit"},"large":{"w":1080,"h":1920,"resize":"fit"},"medium":{"w":675,"h":1200,"resize":"fit"}}}]},"extended_entities":{"media":[{"id":810779797437587456,"id_str":"810779797437587456","indices":[140,163],"media_url":"http:\/\/pbs.twimg.com\/media\/c0b37hluoaay2ie.jpg","media_url_https":"https:\/\/pbs.twimg.com\/media\/c0b37hluoaay2ie.jpg","url":"https:\/\/t.co\/v3mgnvh2t3","display_url":"pic.twitter.com\/v3mgnvh2t3","expanded_url":"https:\/\/twitter.com\/shandy_7979\/status\/810779823094185984\/photo\/1","type":"photo","sizes":{"thumb":{"w":150,"h":150,"resize":"crop"},"small":{"w":383,"h":680,"resize":"fit"},"large":{"w":1080,"h":1920,"resize":"fit"},"medium":{"w":675,"h":1200,"resize":"fit"}}}]}},"retweet_count":0,"favorite_count":0,"entities":{"hashtags":[],"urls":[{"url":"https:\/\/t.co\/pi1ahrivww","expanded_url":"https:\/\/twitter.com\/i\/web\/status\/810779823094185984","display_url":"twitter.com\/i\/web\/status\/8\u2026","indices":[116,139]}],"user_mentions":[{"screen_name":"agusyudhoyono","name":"agus yudhoyono","id":842986784,"id_str":"842986784","indices":[33,47]},{"screen_name":"sohibahy","name":"sohib agus yudhoyono","id":945035406,"id_str":"945035406","indices":[48,57]},{"screen_name":"agusfansclub_","name":"agusfansclub #afc","id":2857786466,"id_str":"2857786466","indices":[58,72]},{"screen_name":"agusdansylvi","name":"agus dan sylvi","id":784051163700142080,"id_str":"784051163700142080","indices":[73,86]},{"screen_name":"karib_ahy","name":"karib agus","id":780988158389415936,"id_str":"780988158389415936","indices":[87,97]},{"screen_name":"sahabat_agusydh","name":"sahabatagusyudhoyono","id":779185642790002689,"id_str":"779185642790002689","indices":[98,114]}],"symbols":[]},"favorited":false,"retweeted":false,"possibly_sensitive":false,"filter_level":"low","lang":"in","timestamp_ms":"1482139948043"}

rt @chicohakim: dinda @agusyudhoyono ,dari foto ini sepertinya fpi adl pendukung anda &amp; si buron adl bagian dari itu. ada tanggapan? https:\u2026
kwkwkw kwaw @evvylamora @agusyudhoyono
rt @prillybie: terima kasih juga mas @agusyudhoyono dan keluarga audah datang nonton. semoga terhibur
rt @agusfansclub_: selamat datang mas @agusyudhoyono  di muara baru penjaringan jakarta utara.\n\n#agussylviuntukrakyat https:\/\/t.co\/rmt5fp2g\u2026
rt @prillybie: terima kasih juga mas @agusyudhoyono dan keluarga audah datang nonton. semoga terhibur
rt @chicohakim: dinda @agusyudhoyono ,dari foto ini sepertinya fpi adl pendukung anda &amp; si buron adl bagian dari itu. ada tanggapan? https:\u2026
rt @fashionhizam: @chicohakim @agusyudhoyono ..hmmm... mana nih  tanggapanx anak pepo memo.. https:\/\/t.co\/ygaa658erl
rt @prillybie: terima kasih juga mas @agusyudhoyono dan keluarga audah datang nonton. semoga terhibur
rt @quvvatt: ada upaya benturkan nih\n@panca66 @umar_hasibuan @zarazettirazr @bangzul_pni @ranabaja @andalusi4_12 @ahycenter\u2026 
@samsoegi @aniesbaswedan @agusyudhoyono mulai ragu atau mulai takut sm agus?","display_text_range":[40,76],"source":"\u003ca href=\"https:\/\/about.twitter.com\/products\/tweetdeck\" rel=\"nofollow\"\u003etweetdeck\u003c\/a\u003e","truncated":false,"in_reply_to_status_id":810770756846043136,"in_reply_to_status_id_str":"810770756846043136","in_reply_to_user_id":193991278,"in_reply_to_user_id_str":"193991278","in_reply_to_screen_name":"samsoegi","user":{"id":799922284165263360,"id_str":"799922284165263360","name":"charles poris purba","screen_name":"charlesppurba","location":null,"url":null,"description":null,"protected":false,"verified":false,"followers_count":10,"friends_count":43,"listed_count":0,"favourites_count":0,"statuses_count":181,"created_at":"sat nov 19 10:28:29 +0000 2016","utc_offset":null,"time_zone":null,"geo_enabled":false,"lang":"en","contributors_enabled":false,"is_translator":false,"profile_background_color":"f5f8fa","profile_background_image_url":"","profile_background_image_url_https":"","profile_background_tile":false,"profile_link_color":"1da1f2","profile_sidebar_border_color":"c0deed","profile_sidebar_fill_color":"ddeef6","profile_text_color":"333333","profile_use_background_image":true,"profile_image_url":"http:\/\/pbs.twimg.com\/profile_images\/800231680455806976\/pqofpch3_normal.jpg","profile_image_url_https":"https:\/\/pbs.twimg.com\/profile_images\/800231680455806976\/pqofpch3_normal.jpg","default_profile":true,"default_profile_image":false,"following":null,"follow_request_sent":null,"notifications":null},"geo":null,"coordinates":null,"place":null,"contributors":null,"is_quote_status":false,"retweet_count":0,"favorite_count":0,"entities":{"hashtags":[],"urls":[],"user_mentions":[{"screen_name":"samsoegi","name":"bantal kecil","id":193991278,"id_str":"193991278","indices":[0,9]},{"screen_name":"aniesbaswedan","name":"anies baswedan","id":110312278,"id_str":"110312278","indices":[10,24]},{"screen_name":"agusyudhoyono","name":"agus yudhoyono","id":842986784,"id_str":"842986784","indices":[25,39]}],"symbols":[]},"favorited":false,"retweeted":false,"filter_level":"low","lang":"in","timestamp_ms":"1482140142125"}

rt @prillybie: terima kasih juga mas @agusyudhoyono dan keluarga audah datang nonton. semoga terhibur
rt @ahyfansclub_id: terharuuu \ud83d\ude29\n#agussylviuntukrakyat https:\/\/t.co\/imb7zaybfa
rt @agusfansclub_: selamat datang mas @agusyudhoyono  di muara baru penjaringan jakarta utara.\n\n#agussylviuntukrakyat https:\/\/t.co\/rmt5fp2g\u2026
rt @jakmaniaontweet: terima kasih juga pada pak @agusyudhoyono yang sudah memberikan karangan bunga untuk jakmania #sajete #b19family https\u2026
rt @prillybie: terima kasih juga mas @agusyudhoyono dan keluarga audah datang nonton. semoga terhibur
rt @fayakhun: publik menyayangkan @agusyudhoyono tak hadir debat. @dpdgolkardki @golkarvoice @afriadiajo https:\/\/t.co\/s7ujhtjhfd
rt @fayakhun: publik menyayangkan @agusyudhoyono tak hadir debat. @dpdgolkardki @golkarvoice @afriadiajo https:\/\/t.co\/s7ujhtjhfd
rt @fayakhun: publik menyayangkan @agusyudhoyono tak hadir debat. @dpdgolkardki @golkarvoice @afriadiajo https:\/\/t.co\/s7ujhtjhfd
rt @fayakhun: publik menyayangkan @agusyudhoyono tak hadir debat. @dpdgolkardki @golkarvoice @afriadiajo https:\/\/t.co\/s7ujhtjhfd
rt @fayakhun: publik menyayangkan @agusyudhoyono tak hadir debat. @dpdgolkardki @golkarvoice @afriadiajo https:\/\/t.co\/s7ujhtjhfd
rt @fayakhun: publik menyayangkan @agusyudhoyono tak hadir debat. @dpdgolkardki @golkarvoice @afriadiajo https:\/\/t.co\/s7ujhtjhfd
rt @fayakhun: publik menyayangkan @agusyudhoyono tak hadir debat. @dpdgolkardki @golkarvoice @afriadiajo https:\/\/t.co\/s7ujhtjhfd
rt @fayakhun: publik menyayangkan @agusyudhoyono tak hadir debat. @dpdgolkardki @golkarvoice @afriadiajo https:\/\/t.co\/s7ujhtjhfd
rt @fayakhun: publik menyayangkan @agusyudhoyono tak hadir debat. @dpdgolkardki @golkarvoice @afriadiajo https:\/\/t.co\/s7ujhtjhfd
rt @fayakhun: publik menyayangkan @agusyudhoyono tak hadir debat. @dpdgolkardki @golkarvoice @afriadiajo https:\/\/t.co\/s7ujhtjhfd
rt @fayakhun: publik menyayangkan @agusyudhoyono tak hadir debat. @dpdgolkardki @golkarvoice @afriadiajo https:\/\/t.co\/s7ujhtjhfd
rt @fayakhun: publik menyayangkan @agusyudhoyono tak hadir debat. @dpdgolkardki @golkarvoice @afriadiajo https:\/\/t.co\/s7ujhtjhfd
rt @fayakhun: publik menyayangkan @agusyudhoyono tak hadir debat. @dpdgolkardki @golkarvoice @afriadiajo https:\/\/t.co\/s7ujhtjhfd
rt @fayakhun: publik menyayangkan @agusyudhoyono tak hadir debat. @dpdgolkardki @golkarvoice @afriadiajo https:\/\/t.co\/s7ujhtjhfd
rt @fayakhun: publik menyayangkan @agusyudhoyono tak hadir debat. @dpdgolkardki @golkarvoice @afriadiajo https:\/\/t.co\/s7ujhtjhfd
rt @fayakhun: publik menyayangkan @agusyudhoyono tak hadir debat. @dpdgolkardki @golkarvoice @afriadiajo https:\/\/t.co\/s7ujhtjhfd
rt @fayakhun: publik menyayangkan @agusyudhoyono tak hadir debat. @dpdgolkardki @golkarvoice @afriadiajo https:\/\/t.co\/s7ujhtjhfd
rt @fayakhun: publik menyayangkan @agusyudhoyono tak hadir debat. @dpdgolkardki @golkarvoice @afriadiajo https:\/\/t.co\/s7ujhtjhfd
rt @fayakhun: publik menyayangkan @agusyudhoyono tak hadir debat. @dpdgolkardki @golkarvoice @afriadiajo https:\/\/t.co\/s7ujhtjhfd
rt @fayakhun: publik menyayangkan @agusyudhoyono tak hadir debat. @dpdgolkardki @golkarvoice @afriadiajo https:\/\/t.co\/s7ujhtjhfd
rt @fayakhun: publik menyayangkan @agusyudhoyono tak hadir debat. @dpdgolkardki @golkarvoice @afriadiajo https:\/\/t.co\/s7ujhtjhfd
rt @fayakhun: publik menyayangkan @agusyudhoyono tak hadir debat. @dpdgolkardki @golkarvoice @afriadiajo https:\/\/t.co\/s7ujhtjhfd
rt @fayakhun: publik menyayangkan @agusyudhoyono tak hadir debat. @dpdgolkardki @golkarvoice @afriadiajo https:\/\/t.co\/s7ujhtjhfd
rt @fayakhun: publik menyayangkan @agusyudhoyono tak hadir debat. @dpdgolkardki @golkarvoice @afriadiajo https:\/\/t.co\/s7ujhtjhfd
rt @fayakhun: publik menyayangkan @agusyudhoyono tak hadir debat. @dpdgolkardki @golkarvoice @afriadiajo https:\/\/t.co\/s7ujhtjhfd
rt @fayakhun: publik menyayangkan @agusyudhoyono tak hadir debat. @dpdgolkardki @golkarvoice @afriadiajo https:\/\/t.co\/s7ujhtjhfd
rt @fayakhun: publik menyayangkan @agusyudhoyono tak hadir debat. @dpdgolkardki @golkarvoice @afriadiajo https:\/\/t.co\/s7ujhtjhfd
rt @fayakhun: publik menyayangkan @agusyudhoyono tak hadir debat. @dpdgolkardki @golkarvoice @afriadiajo https:\/\/t.co\/s7ujhtjhfd
rt @fayakhun: publik menyayangkan @agusyudhoyono tak hadir debat. @dpdgolkardki @golkarvoice @afriadiajo https:\/\/t.co\/s7ujhtjhfd
rt @fayakhun: publik menyayangkan @agusyudhoyono tak hadir debat. @dpdgolkardki @golkarvoice @afriadiajo https:\/\/t.co\/s7ujhtjhfd
rt @fayakhun: publik menyayangkan @agusyudhoyono tak hadir debat. @dpdgolkardki @golkarvoice @afriadiajo https:\/\/t.co\/s7ujhtjhfd
rt @fayakhun: publik menyayangkan @agusyudhoyono tak hadir debat. @dpdgolkardki @golkarvoice @afriadiajo https:\/\/t.co\/s7ujhtjhfd
rt @fayakhun: publik menyayangkan @agusyudhoyono tak hadir debat. @dpdgolkardki @golkarvoice @afriadiajo https:\/\/t.co\/s7ujhtjhfd
rt @fayakhun: publik menyayangkan @agusyudhoyono tak hadir debat. @dpdgolkardki @golkarvoice @afriadiajo https:\/\/t.co\/s7ujhtjhfd
rt @fayakhun: publik menyayangkan @agusyudhoyono tak hadir debat. @dpdgolkardki @golkarvoice @afriadiajo https:\/\/t.co\/s7ujhtjhfd
rt @fayakhun: publik menyayangkan @agusyudhoyono tak hadir debat. @dpdgolkardki @golkarvoice @afriadiajo https:\/\/t.co\/s7ujhtjhfd
rt @fayakhun: publik menyayangkan @agusyudhoyono tak hadir debat. @dpdgolkardki @golkarvoice @afriadiajo https:\/\/t.co\/s7ujhtjhfd
@afriadiajo @agusyudhoyono hari gini masih nanyain debat tipi. mas agus gak perlu ikut debat latihan, ntar aja yg beneran debat kpud.","display_text_range":[27,133],"source":"\u003ca href=\"https:\/\/about.twitter.com\/products\/tweetdeck\" rel=\"nofollow\"\u003etweetdeck\u003c\/a\u003e","truncated":false,"in_reply_to_status_id":810775385637953536,"in_reply_to_status_id_str":"810775385637953536","in_reply_to_user_id":66581650,"in_reply_to_user_id_str":"66581650","in_reply_to_screen_name":"afriadiajo","user":{"id":803256352755724288,"id_str":"803256352755724288","name":"ervan dirza","screen_name":"ervandirza","location":null,"url":null,"description":null,"protected":false,"verified":false,"followers_count":3,"friends_count":100,"listed_count":0,"favourites_count":0,"statuses_count":166,"created_at":"mon nov 28 15:16:53 +0000 2016","utc_offset":null,"time_zone":null,"geo_enabled":false,"lang":"en","contributors_enabled":false,"is_translator":false,"profile_background_color":"f5f8fa","profile_background_image_url":"","profile_background_image_url_https":"","profile_background_tile":false,"profile_link_color":"1da1f2","profile_sidebar_border_color":"c0deed","profile_sidebar_fill_color":"ddeef6","profile_text_color":"333333","profile_use_background_image":true,"profile_image_url":"http:\/\/pbs.twimg.com\/profile_images\/803257198587428865\/gfqx3s6m_normal.jpg","profile_image_url_https":"https:\/\/pbs.twimg.com\/profile_images\/803257198587428865\/gfqx3s6m_normal.jpg","default_profile":true,"default_profile_image":false,"following":null,"follow_request_sent":null,"notifications":null},"geo":null,"coordinates":null,"place":null,"contributors":null,"is_quote_status":false,"retweet_count":0,"favorite_count":0,"entities":{"hashtags":[],"urls":[],"user_mentions":[{"screen_name":"afriadiajo","name":"afriadi #golahok","id":66581650,"id_str":"66581650","indices":[0,11]},{"screen_name":"agusyudhoyono","name":"agus yudhoyono","id":842986784,"id_str":"842986784","indices":[12,26]}],"symbols":[]},"favorited":false,"retweeted":false,"filter_level":"low","lang":"in","timestamp_ms":"1482140406734"}

rt @prillybie: terima kasih juga mas @agusyudhoyono dan keluarga audah datang nonton. semoga terhibur
rt @prillybie: terima kasih juga mas @agusyudhoyono dan keluarga audah datang nonton. semoga terhibur
